gene_symbol,log2fc
MUC16,-5.193114628814202
GSTM1,-5.036042749925531
ZFP57,-5.018133928725234
CYP1A1,-4.096140732322337
LEP,-3.837943241891027
CRIPTO,3.8182329757881215
SPP1,3.79764630506301
ENSG00000274422,-3.764570055560808
TNNI1,3.721507210717885
SYT4,-3.6958082694094463
ENSG00000269292,-3.612745657234694
TSIX,-3.4939888406736657
MYL4,3.478163230865096
ENSG00000279159,-3.4429434958487284
MUC3A,-3.3697508120152366
LRP2,-3.357552004618084
FAM153A,-3.2587342684001683
ENSG00000234961,-3.227535724612408
TNC,3.220415165345109
HP,-3.2129937233341983
HMOX1,3.211308922207432
HABP2,-3.124695747449315
RNF17,-3.0931094043914813
SERPINE1,3.0737640546720546
TCHH,-3.073248982030639
FCN3,3.03897360949208
COMP,-2.99397621237223
RNU6-6P,-2.987060944292502
PRG4,-2.9569562311066684
UPK3B,-2.9341120643435428
TSPEAR,-2.9068905956085187
RBP4,-2.8603480096714886
PLIN1,-2.838937567267484
KLHL40,2.8017738897943043
LINC02604,-2.792006957724168
FCGBP,2.791277716423389
GRIN2B,-2.777607578663552
ENSG00000203825,-2.763765653509921
ALOX15,-2.7459543773934607
HOXB3,-2.744673689301469
TRARG1,-2.7261046015344395
MTCO2P12,-2.72196343082696
LOXL4,2.689467186046988
HMGN5,-2.6874340083163286
ENSG00000280375,-2.6818240399737454
UPF3AP3,-2.679144939777864
FAM9C,-2.6629650127224296
CCL11,2.654294521829512
TGM1,-2.6331297831816665
ENSG00000267328,-2.6283847810122847
SGK2,-2.6244908649077936
ADIPOQ,-2.6218640296688167
IGFN1,-2.604862058158861
THRSP,-2.603341030036011
FOSB,-2.540832935860884
NPIPB5,-2.5319012569697423
SCUBE1,-2.5277376320282063
MFAP1P1,-2.525883267967134
CIDEC,-2.5175756609912816
MTND6P4,-2.5025003405291835
FER1L6,-2.493040011280117
RNA5SP327,-2.4374053123072983
SNX32,-2.4329594072761065
H2AC13,2.426700416804424
FCGR1A,2.42349907802704
ENSG00000280007,-2.4214637684382767
ENSG00000280048,-2.4214637684382767
YJEFN3,-2.415037499278844
RNA5SP195,-2.39231742277876
H3C7,2.3879256536616027
ENSG00000234638,-2.3824696368224134
PSPHP1,2.379643592743649
H1-3,2.37851162325373
ENSG00000285633,-2.36923380966572
ANKRD20A7P,-2.369233809665719
RNVU1-18,-2.359895945086383
NSG2,-2.357552004618084
ENSG00000274267,2.347923303420307
SFRP2,-2.341036917835067
CYP3A5,-2.341036917835067
ENSG00000279569,-2.3279268355088054
ZFHX4,-2.315549182324657
ADGRV1,-2.308122295362332
HELLPAR,-2.2969817377571315
H1-5,2.2902192351600243
ANKRD20A11P,-2.273018494406416
ENSG00000269604,-2.264703226194412
NUMA1-AS1,-2.2639449107809537
ENSG00000226636,-2.2521397647305
KLB,-2.2479275134435857
BEX1,2.242493627392957
TREM2,2.232081477504882
H2BC17,2.2247869364768307
TRHDE-AS1,-2.211308922207432
ENSG00000285668,-2.207595419408367
ALOX12P2,-2.2051144299046124
ENSG00000267042,-2.2001396144893204
SNORD116-19,2.194878928774594
TRIM16L,2.185728679666345
ENSG00000272078,-2.178803152788765
PDE4DIPP1,2.174100677413505
DPP6,-2.1699250014423126
HMGB1P29,-2.1699250014423126
FAT2,-2.162271428898877
RASD1,2.1591879508348013
SCN1A-AS1,-2.156504485679991
ENSG00000253144,-2.156504485679991
GAS6-AS1,-2.1545770371088766
MSTN,2.153623189113212
ACSBG1,-2.148391839892671
CFLAR-AS1,-2.148391839892671
ENSG00000278272,2.145262947208044
DEFA3,2.1443899093351746
SNORD116-13,2.132450296023649
SYNM-AS2,-2.128628585071241
SNORA12,2.1176425618977603
RPS4Y1,2.117534927105599
FRMPD2,-2.115477217419936
H4C6,2.11272959986077
CCL2,2.1086570635194626
SNORD90,-2.101538026462062
C8orf34,-2.09873395358536
OPN5,-2.093735438265869
MTCO1P11,-2.0931094043914813
COL3A1,2.093070765659206
ENSG00000277007,-2.080110174963264
LINC00861,-2.078002512001273
MAPK8IP1P2,-2.075288127304237
PLEK2,2.074000581443777
PPBP,2.070389327891398
EVPL,-2.0660891904577725
SH3TC2-DT,-2.0660891904577725
SELE,2.063916677623272
ARF1P2,-2.0588936890535687
CCDC144NL,-2.0588936890535683
COL17A1,-2.0588936890535683
ENSG00000280291,-2.0544477840223765
SNORD115-1,2.0489096004809464
LGALS12,-2.033015057227963
GABRA2,-2.0238467419543675
TMT1B,2.0210616155278296
KRT16P6,-2.019899557437705
ENSG00000227304,-2.017073513358941
H3C8,2.016119665363277
ENSG00000276980,-2.014950341465972
ADAMTS16,-2.011972641666076
RPL35P5,2.0071194119001707
MTND1P11,-2.004001930557496
IGF2,-2.003915050003384
NWD1,-2.0
CACNA1A,-2.0
NDUFAF2P2,-2.0
LINC01934,-2.0
PITX2,-2.0
LOC124904154,1.995338622630137
GPR3,1.989804232894112
ENSG00000270956,-1.987060944292502
SLPI,-1.981091537449936
FAM238C,-1.9798221180623696
IGHM,1.9772799234999163
ENSG00000278972,-1.9772799234999163
KRT19,-1.9678195942508503
INHA,1.96291068126478
ENSG00000261635,-1.9593580155026544
SFRP5,-1.9510903995190527
ADAMTS4,1.9446017613409088
DTHD1,-1.9385994553358568
ENSG00000261208,-1.9385994553358568
ENSG00000276591,-1.9385994553358568
ENSG00000273338,1.932885804141463
HLA-DRB5,1.9296564421643123
DLGAP2,-1.9281070815182144
CCDC197,1.9278502142441647
ERICH3,-1.925999418556224
RPS2P46,1.925999418556223
SLC10A4,-1.92283213947754
H2AC14,1.921997487998727
HSP90AA2P,-1.920565532505595
ENSG00000267784,-1.920565532505595
SNORD3B-1,1.917537839808027
ALX4,-1.917537839808027
TNKS2-DT,1.915786996096915
ENSG00000272030,-1.915607812709628
ZNF385B,-1.9139374011015875
DCDC1,-1.9132883668066687
PPP1R14A,-1.910613681651236
PTX3,1.9093132578753744
KIF1A,1.908004215919227
ENSG00000258732,-1.9068905956085185
FHAD1,-1.9033239805883264
LINC02185,-1.9023033261128668
BICDL1,-1.901537361114312
ENSG00000238273,-1.9004643264490857
ENSG00000254051,-1.89616418901546
ENSG00000255856,-1.892570924291452
ENSG00000267263,-1.8875252707415875
PPP3R2,-1.8875252707415875
TRPV6,-1.8853574340588768
RNU1-27P,-1.8853574340588768
MTCYBP18,1.87924784053939
TMEM151B,1.877744249949002
SNRPGP15,1.8769891098946565
GBX1,-1.8744691179161408
ENSG00000267749,-1.8744691179161408
ENSG00000255823,1.866569012591372
PRO1804,-1.8662486111111725
ENSG00000279670,-1.8594877263777267
MYO5B,-1.857980995127572
HOXA-AS2,-1.855610090664825
RTN4R,-1.852442811586142
GPM6A,-1.852442811586142
SULT1C2,-1.851858606256884
FAM184A,-1.85042364394949
RNVU1-28,1.849687730118999
TOX2,-1.848738842822724
KCNJ6,-1.8413022539809416
ENSG00000250753,-1.8413022539809407
H2BC3,1.8390637817849425
RETREG1-AS1,-1.83871909296694
STAB2,-1.83871909296694
SNORA74A,1.8347480560990368
VDAC2P2,-1.8345763907926285
ENSG00000229021,-1.8345763907926285
FCRL5,-1.8345763907926285
ENSG00000283662,-1.830554538213387
NAT8L,-1.82781902461732
KRT7,-1.8244284354165456
GRIA4,-1.8244284354165456
ARC,1.821402696543237
ENSG00000251244,-1.8210298589546805
RNU6-1010P,-1.8210298589546805
NR0B2,1.8152601201429504
LOC124900922,-1.8142085930986669
CGN,-1.8135868757691187
SNORA5C,1.810282271809127
RNVU1-2,1.8096687878958504
BICRA,-1.8081180508989307
NCAPGP1,-1.807354922057604
HSP90AB2P,-1.807354922057604
LOC100506551,-1.802060622388091
RN7SL3,1.8007291829296297
CDH8,-1.7997013495141687
SYTL5,1.7974342082589116
KCNK3,1.7972661044340204
CLEC4G,1.796466605914868
PCAT2,-1.7958592832197746
ENSG00000271141,-1.7958592832197746
H3C10,1.7918918046697996
HNRNPA1P66,-1.7910990312996848
RNF14P1,-1.790076930625769
PEX5L,-1.7875916672361742
ENSG00000233799,-1.7865963618908067
RNU5F-1,1.7865963618908065
ENSG00000279586,-1.784271308944563
FSIP2,-1.7799017093167984
MUC22,-1.7749334443652267
RNU5D-1,1.7742328518828956
CCL4L2,1.7735720654283955
ENSG00000279147,-1.7725895038969277
RPL21P94,-1.7725895038969273
OTOA,-1.7725895038969273
BOLA3P3,1.772421131948217
CHD5,-1.7565057805618511
HMGB3P4,-1.7560744171139109
ENSG00000226310,-1.754887502163469
CBX3P10,-1.754887502163469
RPL35P2,1.754347672394443
DIO3OS,-1.7540391075251474
IL6,1.7533119914238504
OPRK1,-1.7513208871432766
TXNP6,1.7493493186220386
LOC101927687,-1.748938235832282
FCGR3A,1.7488054557855364
RPS2P5,1.7483338483374136
LINC01139,-1.7472339296200334
ANXA2P3,1.7472339296200332
ENSG00000236654,1.746600890978508
LINC02269,-1.7369655941662063
MYT1L,-1.7369655941662063
ENSG00000275468,-1.7369655941662063
SMPD3,-1.7369655941662063
PDE4DIPP5,-1.7369655941662063
GATA5,-1.7369655941662063
ENSG00000253307,-1.736965594166206
ENSG00000259377,-1.736965594166206
ENSG00000255334,-1.736965594166206
GSTM5,-1.7318038890504273
CBFA2T3,-1.731720484220753
RPL35P6,-1.7293524100563311
EIF1P1,-1.7279204545631992
HSPB2,1.727127401840954
ENSG00000273203,-1.7266236499447472
ENSG00000279474,-1.7248927618656311
HAGLR,-1.7248927618656311
MTND5P14,-1.724892761865631
ENSG00000262202,1.724687264387769
SOWAHCP2,-1.7231597946411756
SCARNA1,1.72283130996257
FPR1,1.721844307141543
RN7SL471P,1.7215355535966004
CXCL14,-1.7195485410887963
H2AC12,1.7157491082565104
H2AC11,1.7150230412855292
LAPTM4BP2,1.7142455176661224
ENSG00000248350,-1.7127180479195288
ENSG00000166104,-1.7127180479195288
L1TD1,-1.7127180479195288
RPS15AP24,1.7122668249962345
DNAAF1,-1.70781924850669
S100A12,1.7072980436452083
FGF10,-1.7062687969432897
SCARNA21,1.7054300207330997
RPL26P4,1.7016074195734268
OSGIN1,1.7010330535559488
NWD2,-1.7004397181410922
RHBDL3,1.7004397181410922
ENSG00000274184,-1.7004397181410922
RFX4,-1.7004397181410922
S100A6,1.6997651837558525
PI15,1.6979714625503426
SNORD3C,1.6974372299795686
RPS4XP5,-1.6951454184715793
MIR4428,-1.695145418471579
RET,-1.6935486335372496
SLC38A11,-1.6935263329013088
CPEB1-AS1,-1.693022246578609
ENSG00000261026,-1.691877704637668
NGFR,1.6915378471470768
ENSG00000272108,-1.6844981742720706
C1QA,1.6844981742720704
LINC02177,-1.6835263352047458
PCK1,-1.6818240399737452
C9orf78P1,-1.6818240399737452
SKAP1,-1.6818240399737452
HOXB4,-1.6803820657998387
GDA,-1.6803820657998387
H2AC16,1.6801197337614964
STMN1P1,-1.679740725473256
H2AC8,1.678503268560578
TRAPPC3L,-1.6780719051126376
ENSG00000259548,-1.6780719051126376
ENSG00000233674,-1.6780719051126376
RPL7P3,-1.6777451708702968
SMARCE1P1,-1.676302812259582
SPACA6-AS1,-1.6755650495020626
C1QB,1.6748001491593991
VSIG4,1.6741224215078507
DUSP13B,1.6729101999968583
EFHB,-1.6724253419714956
CFAP184,-1.6713772525386297
GALNTL6,1.6710023317878475
NOP10,1.668191606874057
KCNK13,1.665452418581524
RPL39L,1.663913842115978
KCNQ5,-1.6629650127224294
LRAT,-1.6629650127224294
HNRNPA1P53,-1.6629650127224294
ENSG00000277595,-1.6629650127224291
HSPA8P11,-1.6629650127224291
ENSG00000229495,-1.6629650127224291
SOCS3,1.660195318564869
SNORD116-18,1.6572185897626668
ENSG00000267731,-1.6571122864769916
EIF1AY,1.6552921403545084
RPS15AP11,1.6542251631582698
CRLF1,1.6534938823919718
LINC02055,-1.653442238603923
ENSG00000259048,-1.6520766965796931
CNKSR2,-1.6510516911789286
AJUBA-DT,-1.6486571760385458
RNU2-63P,1.64815632720835
ENSG00000253227,1.64815632720835
HSPA8P5,-1.647698256069119
ENSG00000229567,-1.6438561897747246
LINC01237,-1.6438561897747246
RPL34P33,1.643379186946478
RPL26P36,1.643379186946478
MYRF,-1.643019602310929
GRAMD1C,-1.6423757432200938
ZNF575,-1.64110557875869
ENSG00000256448,-1.64110557875869
LINC00632,-1.6410727529329574
RPL30P4,1.640996535635484
KIF18B,-1.64045761331286
COLQ,1.638179177989125
ENSG00000271011,-1.6374299206152918
MASP1,1.6347700472073703
OR56A1,-1.632268215499513
ENSG00000250249,-1.6306343591064387
HNRNPA1P72,-1.6300503902496943
ALAS2,1.6298167365054166
ENSG00000278931,-1.6296064157759982
LOC100128993,1.6293566200796097
FTL,1.6275743729866898
SNORA53,1.626872788632836
IGLV1-47,1.625604485218502
HLA-DQA2,1.6247086795139127
TENM1,-1.6244908649077938
KLRK1-AS1,-1.6244908649077938
CAPNS2,-1.6244908649077936
SLC25A6P3,-1.6244908649077936
RNU6-4P,1.6214883767462702
H2BC10,1.621031755428678
ENSG00000271208,-1.6201519291834563
RN7SL127P,-1.6189098326444935
MICD,-1.6179775579491191
MUC20P1,-1.6166713604484944
RN7SL118P,-1.6166713604484944
RNU6-9,1.6166713604484944
ENSG00000284828,-1.6166713604484944
APOL5,-1.6166713604484944
SCARNA7,1.6164876039750158
METTL21AP1,-1.6154645891185004
ENSG00000279044,-1.6147098441152083
ENSG00000279491,-1.6147098441152083
LOC100420580,-1.6147098441152083
APOBEC2,1.6145011359714967
HOPX,1.6135946540769532
SMOC1,1.613531652917927
SNORA23,1.6112918133849303
CA1,1.6100534816839869
LIPG,1.6100534816839869
TNRC18P1,-1.6099350289526184
H2AC4,1.6092100469678337
PKHD1,-1.6076825772212398
SNORA2C,1.607182665562719
ENSG00000273448,-1.605499431723851
MDP1,1.605140382658787
ENSG00000280076,-1.6048620581588608
MNS1,-1.6048620581588608
RNASE13,-1.6048620581588608
AZGP1,1.6035013928203643
ENSG00000280205,-1.603341030036011
H2BC9,1.6026645024546151
NDUFAB1P1,-1.6026645024546151
ENSG00000279836,-1.6026645024546151
B3GNT7,1.60206492841187
PSMA6P1,1.5991484069644677
COL11A1,-1.5982593233346138
ENSG00000276282,-1.5963672639934057
CCL4,1.5955317424313435
SCGN,1.5950161653850792
TACR1-AS1,-1.592955291474687
PDZRN4,-1.5922305011851956
CCDC154,-1.5922305011851956
F2RL1,1.5918161717622186
COL22A1,-1.5906761519155497
ENSG00000280323,1.5876048000694536
VDAC1P4,1.5849625007211563
DLX6-AS1,-1.5849625007211563
ENSG00000272407,-1.5849625007211563
LOC100422687,-1.5849625007211563
ZNF860,-1.5849625007211563
ENSG00000272375,-1.5849625007211563
ENSG00000259797,-1.5849625007211563
ENSG00000278842,-1.5849625007211563
UPF3B,-1.5849625007211563
IGSF9,-1.5849625007211563
ENSG00000279662,-1.5849625007211563
NELL1,-1.5849625007211563
ENSG00000233648,1.584962500721156
RNVU1-34,1.584962500721156
ASS1P10,1.584962500721156
ENSG00000259342,1.584962500721156
H2BC14,1.584962500721156
SERPIND1,1.584962500721156
RCAN1,1.5832521329560534
TMEM256,1.5830554349564971
MXRA7P1,1.5826767410020974
C1QTNF1-AS1,1.579203231432471
H1-2,1.57811361444468
RN7SL4P,1.577322438519024
COX20P1,1.577142996261857
LINC00106,-1.5760293759511483
PTMAP2,1.5748382834474486
CIDEA,-1.5742360941280975
ENSG00000257405,1.5733745264459444
TUBB1,1.573185332944803
ARPC1AP3,1.5725787762653238
RPS19P7,1.5721384603635724
C4orf50,-1.5715419849588346
SOHLH2,-1.5715419849588346
CACNG8,-1.5715419849588346
LINC01133,-1.5703157247567552
CADM2,-1.5703157247567547
TXNRD1,1.5699423843702445
TIMP1,1.5698048172576655
IGDCC3,-1.5688428353578792
ENSG00000255496,-1.5688428353578792
CYP2B7P,-1.5688428353578792
LETM1P1,-1.5688428353578792
SNRPCP2,1.5670405927238935
WDR45BP1,1.5670405927238935
IGF2BP3,1.5670405927238935
RGS7BP,-1.5669219451609429
RAMP1,1.566145165881864
LOC102724428,1.565597175854225
SEMA3E,-1.564784618783526
BANK1,-1.564784618783526
ENSG00000233878,-1.5647846187835257
SLIT3-AS2,-1.5647846187835257
MSR1,1.564018486295545
ADORA3,1.5625946876927015
RPL22P2,1.562170635847914
GOLGA8O,-1.561878887608115
LINC02880,-1.561016805096124
POU6F2,-1.560087832082127
CH25H,1.5594274086140183
JCADP1,-1.5579954531208868
RPL21P57,-1.5579954531208868
ENSG00000243107,-1.5579954531208868
ENSG00000272308,-1.5579954531208866
SORBS2-AS1,-1.5579954531208866
BANCR,1.5579156249265995
ENSG00000233894,-1.5567288199922122
UBE2C,1.5563933485243855
LOC105377862,-1.5545888516776374
RNF208,-1.5541015370163955
MIR646,-1.5525410230287786
ENSG00000236928,-1.5525410230287786
ATP6V1E1P3,1.5523782916495652
NSRP1P1,-1.5519337003336855
CEP126,-1.5517956367859569
SLCO5A1,1.551598393109005
ENSG00000270077,-1.551174187264873
LSM3P3,1.5510151687978186
LOC122526780,-1.5501970825604794
RNU7-13P,-1.5501970825604794
FAM153CP,-1.5501970825604794
CLIC1,1.548721395241604
RNU5E-4P,1.5474877953024933
ASIC3,-1.5472617915359328
LINC03184,-1.5470658929626278
IGHV4-39,1.545434136534519
ENSG00000233625,-1.5443205162238105
ENSG00000268568,-1.5443205162238105
RPL21P19,-1.5443205162238105
ENSG00000277287,-1.5443205162238105
SNX18P9,-1.5443205162238105
RPL36AP24,-1.5443205162238105
ENSG00000260711,-1.5443205162238105
LINC03020,-1.5443205162238105
TMIGD3,1.543142325026529
ZNF467,-1.5411462684286663
TTN-AS1,-1.5410453841909493
KANK4,-1.5397332467281586
TMED2P1,-1.5397332467281586
KRT8P15,-1.5391588111080312
C1QTNF1,1.539134759977474
MTCO2P11,-1.537797392642476
LRRC37A2,1.5376567859428
LSAMP,-1.53726575868986
UGT2A3P7,-1.5368064625665037
MGP,1.5349375366790274
TUBA3D,1.5348662724211717
C4orf54,1.5341993870392696
ENSG00000260563,-1.533978572002351
BTBD10P2,-1.533978572002351
TERF2IPP1,-1.533978572002351
KCNQ1OT1,-1.5331620071706695
CLEC12A,-1.5327325419485984
FOSL1,1.5324950808270208
EPHA6,-1.532145802277708
HNRNPA1P16,-1.5305147166987798
PCDHA10,-1.528779665328032
CALB2,-1.527737632028206
ENSG00000279954,-1.5265458144958344
NPIPB11,-1.5265458144958344
ENSG00000285581,-1.5261731695135508
RPS12,1.52580965991589
HLA-DRB1,1.5252595895098997
CNTNAP4,-1.5235619560570128
CDH3,-1.5235619560570128
CDKN1A,1.522801241543796
H2BC11,1.521285128781108
ENSG00000275910,-1.521236903110769
H3C12,1.5208321633014408
ENSG00000260401,1.5204497391664276
SERPINE2,1.5203646340602377
ENSG00000263781,1.519539425723108
ENSG00000227370,-1.5193741590935794
LINC01060,-1.5193741590935794
WDR64,-1.5193741590935794
RPL32P16,1.5182714446342076
ABCB1,-1.5168556335062535
RPLP0,1.515517617698387
FN1,1.5149895951276091
ENSG00000250410,-1.5145731728297582
ENSG00000276308,-1.5145731728297582
Y_RNA,-1.5145731728297582
GBP1P1,-1.5145731728297582
ENSG00000205959,-1.5137714528642034
LOC100421100,-1.5130695822393705
RASL10B,1.5130230152559034
TCF3P1,-1.5126482959052658
ENSG00000235008,-1.5118990385314328
ENSG00000236886,-1.510961919277379
MTND4P14,-1.510560110323135
RNU1-31P,-1.510194732319184
EIF3LP1,1.5094114677139794
ASS1P11,1.5090136474878575
TTLL7-IT1,-1.5085493852019884
MTND5P11,-1.507794640198696
IGLV2-14,1.506959988719883
CILP,1.5026145546004843
MT2A,1.5025260958119342
ANKDD1B,-1.5025003405291837
LOC105375844,-1.5025003405291837
ANO3,-1.5025003405291837
RN7SL329P,-1.5025003405291837
EEF1GP1,-1.5025003405291837
ENSG00000280429,-1.5025003405291837
KCNIP1-OT1,-1.5025003405291832
RNU6-530P,-1.5025003405291832
FGF12-AS2,-1.5025003405291832
MIR8073,-1.5025003405291832
ENSG00000232934,-1.5025003405291832
AGAP11,-1.5025003405291832
ENSG00000266932,-1.5025003405291832
LAPTM4BP1,1.5025003405291832
RN7SL517P,-1.5025003405291832
TRGV7,-1.5025003405291832
CBX5P1,-1.5025003405291832
ENSG00000273374,-1.5025003405291832
CCR1,1.501148754563975
SCARNA6,1.5008698221611834
CD209,1.5003262863896702
ENSG00000285053,-1.4977779302867802
ZDHHC20P4,1.4974996594708168
LOC100130018,1.4974996594708168
LINC01614,1.4974996594708163
CHRNA3,1.4974996594708163
SGK1,1.4969438147169216
LOC105376805,1.4968315904424911
ABO,-1.4956951626240689
HTR1F,-1.4954109157428637
VTRNA1-3,1.4933320252555875
ENSG00000213058,1.4923963819850836
PFKFB1,-1.4918530963296746
H4C1,1.4904449019368662
RPS10,1.4902146009339206
IL1RL1,1.4897197670412743
FGFR4,-1.4897141855733398
SUPT4H1,1.489542935642474
PLA2G2A,1.4894821918669277
SCARNA5,1.4889758942513125
IQCN,-1.4882864813094825
ENSG00000266385,-1.486499861835468
HLA-DRA,1.485763312398845
LOC93463,-1.4854268271702418
ENSG00000256148,-1.4854268271702418
ENSG00000226410,-1.4835172371616103
UQCRFS1P1,1.4832671036518053
S100A13,1.4828858537410254
F13A1,1.4817036205214251
RNU11,1.4806258409064206
IL5RA,1.4791678366985594
ENSG00000279637,-1.4780472968046443
CHCHD2P9,1.4769027548637037
NNMT,1.4753380095466582
ENSG00000237550,1.474748678562423
RPL21P118,-1.4746523555760669
F2RL3,1.4746163914043708
FHL2,1.4743163933218175
LOC105375553,-1.4739311883324124
ENSG00000276730,1.4739311883324122
LINC02599,-1.4739311883324122
LOC124901051,-1.4739311883324122
H2BC12,1.473317144892247
COLEC11,1.472775353235405
ENSG00000254556,-1.4722329008603867
SNORA54,1.468346343445045
RPS13,1.4682021659501303
TMEM130,-1.4681488357384065
PYDC2-AS1,-1.4681488357384065
SETP21,-1.4681488357384065
ZFY,1.4676551485373517
RPS15A,1.4672873148284755
FZD10-AS1,-1.4656635723488118
ALDOA,1.465468277070719
CDKN2AIPNLP1,1.4629719763425455
LOC100631242,-1.4610498970356798
LINC02775,-1.459431618637297
LINC02872,-1.459431618637297
LOC100506274,-1.459431618637297
RPL7AP26,-1.459431618637297
XBP1P1,-1.459431618637297
PAX6,-1.459431618637297
FOXD3,-1.459431618637297
CNDP1,-1.459431618637297
RPS3P3,1.4584300947922244
SNTG2,-1.4575295813929223
NEDD8,1.4559013882771987
AMHR2,1.4556794837761895
KRT8P33,-1.4542791308716945
LOC101927293,-1.4535907400482369
FRMPD3,-1.4531726281656148
POSTN,1.4523649157702845
MIR548BAHG,1.4516959698576923
ENSG00000203648,-1.451695969857692
CECR7,-1.4513128856703936
RN7SL754P,-1.4506614090095653
OR51B5,-1.4506614090095653
NHERF4,-1.4506614090095653
LOC124900372,-1.4506614090095653
SNORA80D,1.4499125405573037
RN7SL674P,1.4498564765522877
UBE2SP1,1.44930740136359
COX7A2,1.4491261443521628
GADD45B,1.4485900589898704
CSMD3,-1.448460500816294
ENSG00000279176,-1.448460500816294
ENSG00000270661,-1.448052556506807
DNM1P47,-1.4474589769712214
ENSG00000254780,1.4474589769712212
SHISA4,1.4472284960951198
ENSG00000272379,-1.4468863653181836
ACTG1P23,-1.444784842672896
ANKRD20A4P,-1.444784842672896
ENSG00000274383,-1.444784842672896
ENSG00000256663,-1.4447848426728958
EBAG9P1,-1.4447848426728958
DNAH9,-1.4447848426728958
LOC100419928,-1.4429434958487284
H2BC8,1.4429434958487284
CTSB,1.442729233147892
RNGTTP1,-1.4413168240776928
H4C5,1.440631680695686
MTND1P23,-1.4405725913859817
FOSL1P1,-1.4405725913859817
ENSG00000277135,-1.4405725913859817
ENSG00000278769,-1.4405725913859817
LARP4P,-1.4404990126512522
ATP5MKP1,1.4401644695337878
SLC7A5,1.4390647699252932
RPL32,1.4389474771157036
RBM22P2,-1.4388842412332117
ENSG00000279649,-1.4385730137396329
RPL23P6,1.437980519394562
RPL7P14,-1.4374053123072985
SNX18P12,-1.4374053123072985
ATP5F1CP1,1.436639753764055
H2AC20,1.4363848818752296
RNVU1-15,1.4360991148066735
C9orf153,-1.4349370567165485
TMEM269,-1.4349370567165485
LINC02237,-1.4349370567165485
NUDCP1,-1.4342310645121548
ENSG00000244313,1.4334313940672307
ENSG00000257225,-1.4329594072761065
ENSG00000261161,-1.4329594072761065
ANKRD18B,-1.4329594072761065
RPL36P7,-1.4329594072761065
LRRTM3,-1.4329594072761065
TMEM258,1.432288542329868
SEPHS1P4,1.4310111354865849
H1-4,1.4306807413735023
RPL26P19,1.4306497567132088
PTPRR,1.4306343543298623
FNDC4,1.4306343543298623
TXNP4,1.4296842752432448
SNHG8,1.428103644831821
GRM8,-1.4278615396364276
ABALON,-1.4278615396364276
KCTD16,-1.4278615396364274
ENSG00000274654,-1.4278615396364274
ENSG00000254732,-1.4278615396364274
OIT3,1.4274212237346762
ELOCP2,1.4265331381166733
TRMT112,1.426382472872853
VN1R81P,-1.426264754702098
SNORD17,1.4255187999310566
CHRDL1,-1.4241922144219623
MYL7,1.4240699537217187
ENSG00000270713,-1.4240262825060983
CPLX1,-1.423599512782268
ANKRD31,-1.423211430724544
PRR13P5,1.4232114307245438
H2BC13,1.4226910718222792
ENSG00000273487,-1.4225320358257685
SCARNA9,1.4221400122868195
WDR11-DT,-1.4219569132186345
SNRPG,1.4211713455210928
GAPDH,1.4205435558207424
ENSG00000258444,-1.419775418285507
ENSG00000279377,-1.4195388915137848
EFNB3,1.4193764350031812
COL1A1,1.4190226270569375
CETP,1.418952549282227
RPS18P12,1.4183005099121064
DNAJC19P9,1.4175057548695935
VDR,1.4175057548695935
CEP295NL,-1.41723505498309
LINC02614,-1.4167377882686831
PAK3,-1.415037499278844
RPL13AP11,-1.415037499278844
ENSG00000240710,-1.415037499278844
ENSG00000257607,-1.415037499278844
ENSG00000262869,-1.415037499278844
RN7SL735P,-1.415037499278844
C13orf46,-1.415037499278844
ENSG00000238266,-1.415037499278844
CIAPIN1P,1.4150374992788437
FCGR1BP,1.4150374992788437
H4C13,1.4150374992788437
RNU6-33P,1.4150374992788437
XIST,-1.414873270059067
MIF,1.413307441461627
BTF3P1,-1.4122169802164652
SNRPD2,1.4120776281628096
ANKRD20A21P,-1.4111117960650437
LANCL3,-1.4111117960650437
PRNCR1,-1.4105220181563507
CHCHD2,1.4102219043124324
RRM2,1.4098757941630649
RPL23AP65,-1.4097236993823758
SNRK-AS1,-1.409013711651074
ENSG00000253636,-1.4088055455673292
ATP6V1FP2,1.4080847386370765
MTND5P2,-1.4075038265934363
RASSF10,-1.4071753815058734
SNORA74B,1.4063788081727893
TMEM200C,1.406088542551361
IL1RAPL2,-1.4059923596758368
SLAMF8,1.404983834614921
ENSG00000264057,-1.4049838346149208
LOC101927495,-1.4049838346149208
ENSG00000237994,-1.4049838346149208
H4C8,1.4045755604602197
ENSG00000279981,-1.4043902550793352
ENSG00000267422,1.4041681140301798
ENSG00000279302,-1.4037221860510096
CTNNA2,-1.4037221860510096
EFCAB5,-1.4037221860510096
SCARNA13,1.4024394875489397
COX6A1,1.40234677734266
WDR17,-1.4020984435713455
LINC02427,1.4017406766653862
ENSG00000276115,-1.4014484345308889
TIMM8B,1.3998230162683611
QPCT,1.3996074587092378
RNF217-AS1,-1.3990370205851286
H4C9,1.3985493764902748
COX8A,1.3977184638913616
SF3B5,1.3972536680430294
UQCR11,1.397162969463641
IQGAP3,1.3968901525685844
CLXN,-1.3968901525685844
ATP5MC1P2,-1.3968901525685844
ENSG00000235100,-1.3968901525685844
ZNF727,-1.3961290367287795
RSPH4A,-1.3955851366126713
RBMS3-AS3,1.395137941841139
MYL6P2,-1.3948596173412136
LINC00342,-1.3939758837510143
GVINP1,-1.393704629655725
NDUFA4P1,1.393551022717871
ENSG00000237349,-1.3923174227787605
LRRIQ1,-1.3923174227787605
LINC02125,-1.3923174227787605
ENSG00000225527,-1.3923174227787605
RPL38P2,1.3923174227787602
RNASE6,1.3923174227787602
ZFPM2-AS1,-1.390234108278271
ENSG00000235445,-1.390234108278271
ENSG00000279203,-1.389770740668414
GPX1,1.38921924515694
RN7SL166P,-1.3890422907458997
COX6CP17,-1.3890422907458997
YBX1P10,1.3882969045030775
MUC20,-1.388147781029805
NPM1P37,-1.3877301532831086
ENSG00000201592,1.3876610603475388
TPI1,1.3874284181514795
RPS14,1.3868085203495768
TAPT1-AS1,-1.3861604219887074
CCDC15,-1.385759706756598
WDR82P1,1.3856536924977494
RPS18,1.385413004240041
ENSG00000267257,-1.384663850235325
ZNF56P,-1.384663850235325
AMH,-1.384663850235325
CD14,1.384166824020136
PLIN2,1.3828041066156431
PRDX1,1.382106890980116
CACNB2-AS1,-1.3818706353436447
RYR3,-1.3818706353436447
PILRB,-1.381552077573781
RPS5,1.3815426835907112
RRAD,1.3813777331813446
MYCBP2-AS2,-1.380821783940931
NTNG1,-1.380821783940931
OVCH1-AS1,-1.380052141329512
RNF181,1.379312354387603
LINC00685,-1.3785116232537298
ENSG00000244380,1.3785116232537298
PPP1R14B,1.3785116232537298
LINC00841,-1.3785116232537298
RPS20P33,-1.3785116232537298
GPR52,-1.3782132683688098
XRCC6P2,1.3780981335673474
RPL35,1.3780688417627074
JTB,1.377901733140699
RPS29,1.3778093865882954
CACNA1C-IT1,-1.3777298865557142
MFAP2,1.3774740863223605
LIVAR,1.3771576156077543
GABRB2,-1.3769694584453245
ENSG00000203593,-1.3765633514642082
SNORA79B,1.3762597993312162
THRAP3P3,-1.3758669019981662
ENSG00000278891,-1.3758669019981655
GPR179,-1.3758669019981655
ENSG00000225486,1.3755091350922064
TMEM45A,1.3748171396959885
CSNK1G2P1,-1.374395514781498
ENSG00000215840,-1.374395514781498
LOC124904535,-1.374395514781498
TRIB1,1.374287262301734
ANKRD20A17P,-1.3741243060127908
HMCN2,-1.37405197506303
GPR183,1.3737814713413328
ENSG00000268723,1.3734583955274444
AQP1,1.3727043717686662
RPL23AP21,-1.371968777386958
DES,1.3714862835038637
UBC,1.3709985761582373
UBE2D3P2,1.3699496097503057
RPS27,1.3696199431617253
RPA3,1.3695734671224709
ENSG00000257169,-1.369233809665719
RPL19P19,-1.369233809665719
C1orf220,-1.369233809665719
ST18,-1.369233809665719
AGBL4,-1.3692338096657188
OR2C3,-1.3692338096657188
NPPB,1.3690312337478254
RPL10A,1.368713631914256
RPS26,1.368443558672944
PTGFR,-1.3680400197416744
SNORA74D,1.3675448948000004
LINC00926,-1.3670159844159002
LOC646870,-1.3667823306716227
MTATP6P11,-1.3667823306716227
CXCL8,1.366597144221091
ZNF101P2,-1.3661278987978973
SNHG5,1.365974776751355
MLXIPL,-1.365905791947965
COX6A1P2,1.365214800640272
ENO3,1.3647367836308395
ENSG00000255250,-1.364053570560039
ENSG00000236958,1.3640429687835838
ENSG00000225178,1.3640120535586149
NPC2,1.3637195956129773
UBB,1.3629815138779828
ILRUNP1,1.3625700793847084
RN7SKP79,1.3625700793847084
MTFP1,1.3625700793847084
OSTCP2,1.3625700793847084
MAP2K4P1,1.3625700793847084
CST2,1.3625700793847082
MTHFD2P1,-1.3625700793847082
MYO3A,-1.3625700793847082
MTCO3P11,-1.3625700793847082
CCDC30,-1.3614564590739997
S100A8,1.3614255374437674
IFI27L2,1.360922226503226
TRIM63,1.3606758224181417
SCARNA11,1.3601755642443254
SNORD53B,-1.359895945086383
LOC645485,-1.359895945086383
ATP5MF-PTCD1,-1.359895945086383
ENSG00000280288,-1.359895945086383
OR52P1,-1.359895945086383
PTP4A2P1,1.359895945086383
RPL29,1.3594877177808986
GCK,1.3590810933048283
RPL23,1.3588682226514128
SCN8A,-1.35868664489748
RPS15AP12,1.3584539709124763
ENSG00000265399,-1.358453970912476
MT1M,1.357893592175235
RPL30,1.357722370698291
PWWP2AP1,-1.3575520046180836
RASGRF1,-1.3575520046180836
RASA2-IT1,-1.3575520046180836
LINC00907,-1.3575520046180836
GSTP1,1.3573785093382285
MARK2P18,-1.356485316923731
ENSG00000278917,-1.356485316923731
HSPA8P4,-1.356485316923731
RPSA,1.356340278526836
ENSG00000223612,1.355828501505653
LINC01409,-1.3554806545983888
ADGRB3-DT,-1.3550949588225616
ENSG00000271971,-1.354718030005032
LRRC52,1.354664881299362
CCL3,1.3539429020320042
ENSG00000264845,-1.353636954614701
ENSG00000279616,-1.3536369546147005
HMGN1P38,1.3536369546147005
CLEC4F,-1.3536369546147005
SNRPEP2,1.353232214805372
SLC19A3,-1.3526248921102788
IGFBP3,1.3520644390465746
LOC102724434,-1.3519853287435422
LINC01876,-1.3512224016814007
ENSG00000270589,-1.3512224016814007
FPR3,1.3510426452644857
SNORA73B,1.3505126015191922
ENSG00000274297,-1.3504972470841332
SBK1,-1.3503318098910286
LOC729998,1.350277763413931
ST13P6,1.3499118565137609
ENSG00000234810,-1.349149563622387
DUSP14,1.3479233034203069
HLA-DRB6,1.3476338090798374
NDUFAF2P1,1.347604228987758
ENO1,1.3473909927267338
EEF1A1,1.3472837748917106
RPL32P13,-1.3468027635263915
STAC,-1.3466505242985938
ENSG00000279598,-1.3454676516939943
CTAGE3P,-1.3443829457150582
PTGDR,-1.3439544012173614
ENSG00000261123,-1.3439544012173614
ATP5PDP4,1.3438170605498398
RNU4-1,1.3434127134609766
UBQLNL,-1.343144580797058
PAPOLB,-1.343144580797058
ENSG00000254484,-1.343144580797058
CCDC180,-1.342392197447078
SHISA2,1.3423921974470778
RN7SKP255,1.3418487890106223
RPS2P17,1.341691349708792
YBX1P1,1.341659171474599
STARD13-IT1,-1.341595128343439
RPL35P1,1.3415084638568786
ENSG00000259477,-1.341036917835067
FAM167B,1.341036917835067
SLC24A2,-1.341036917835067
TBCAP1,1.341036917835067
DMAC1,1.340104944262031
HLA-DQB1,1.3399144563901593
TAS2R4,-1.3396300966208212
PKIG,1.3394704735542602
ENSG00000254273,-1.3393101731155987
ARPC3P1,1.339206086319198
LOC124904863,-1.3378696387563838
ENSG00000221184,-1.3378696387563838
PCDHA6,-1.3378696387563838
RIMBP2,-1.3378696387563838
ENSG00000259649,-1.3378696387563838
RPS11,1.337292824108086
CD63,1.3370167215000237
SPTA1,-1.3366496005941275
ENSG00000224950,-1.336107030057124
SNHG29,1.335689107687762
NACA4P,-1.3356030317844385
ENSG00000230735,-1.3346953909612405
KCTD9P4,-1.334601924922473
KLK11,-1.3339007365534383
ENSG00000285667,-1.3339007365534383
LAGE3,1.333623428519737
RPL13,1.3332698014978088
RNASE1,1.3326179838908494
RPS9P3,-1.3325753390868709
ENSG00000272851,-1.3325753390868709
HINT1,1.332508881476205
RPS8,1.3324310326814524
ENSG00000260063,1.3321964303411895
PFDN5,1.3321927895301469
EIF6,1.3317786441217705
PLAU,1.3313907804975242
RPS2P40,1.3312059084753731
MT1E,1.3310369330783154
SQSTM1,1.3305324503152922
NME1,1.3302846472429892
RNU6-191P,-1.329920885640893
ENSG00000227782,-1.329920885640893
ASS1P9,1.3297054454790818
SERTAD1,1.3295298176207009
KLRA1P,-1.3295013145921633
ENSG00000249774,1.3291520408748316
RPL12,1.3291203613595295
SHISA8,-1.3287817659284251
ENSG00000266934,-1.3287817659284251
ZNF90,-1.328781765928425
RPL22L1,1.3287637251368518
ENSG00000280287,-1.328035672975636
CCL13,1.3275746580285044
LAPTM4B,1.327154598325176
RPL32P18,1.3269422939367648
LINC02334,-1.3267290811511836
ENSG00000232295,-1.3266505051297657
NCOA4P3,1.326228232320988
COPS8P2,1.3257701611817565
RACK1,1.3255670390576997
OAZ1,1.3255352759003562
SERF2,1.3252614252470836
HAPLN1,1.325054195874082
GLUL,1.32459025208097
COXFA4,1.3238706745329467
PFN1,1.3224985931644422
NFKBIA,1.322140709292123
UQCRQ,1.3219280948873624
TMEM14DP,1.3219280948873624
ENSG00000226025,1.3219280948873624
INMT-MINDY4,-1.3219280948873622
LINC01822,-1.3219280948873622
RSPO3,-1.3219280948873622
LINC00954,-1.3219280948873622
EFCAB12,-1.3219280948873622
AGGF1P3,-1.3219280948873622
ENSG00000283057,-1.3219280948873622
ANKFN1,-1.3219280948873622
BAIAP2L2,-1.3219280948873622
ENSG00000259939,-1.3219280948873622
SSPOP,-1.3219280948873622
LRRC52-AS1,1.321523355078034
RPL18A,1.3212703811577629
XAF1,-1.3208720779748548
H4C3,1.3207113252523102
VTI1BP1,1.3197238239606324
RPL39P3,1.31836147986717
C3AR1,1.3179070429965118
HLA-DPA1,1.317117256639132
ATRAID,1.316991666272826
RPL35A,1.3168971810092691
ATP6V0E1,1.3168597642812825
ENSG00000235111,-1.3168571053399405
NREP,1.3165101703905284
DKK3,1.3163654208708957
C1QC,1.316349185434741
EDN1,1.3158170154619464
RPL5P34,1.3151707287120535
RPL34P24,-1.3150417093021225
IGBP1P3,1.3148733373534118
NDUFA2,1.314774736324427
EIF3I,1.3146965256562864
GPX3,1.314253773651351
SRRM3,1.3141732548255949
ENSG00000272588,-1.313890775821944
HSPB3,1.31388281274537
OST4,1.3133377206758334
CSRNP1,1.3129544739035104
IGFBP2,1.312294881876673
LINC02145,-1.312277924853643
HMOX2,1.312064968917431
OSTC,1.312038408084176
IGKV3-20,1.3119440063147405
ENSG00000267811,1.31194400631474
RPL26,1.3116730304150956
ERP29P1,1.3106000890858498
ARHGEF10,-1.3102933944039592
CD81-AS1,-1.3098552625867874
LOC101927896,-1.3098552625867874
TPM3P7,-1.3098552625867872
HAS3,-1.3098552625867872
SUMO4,-1.309328058107729
PHF5A,1.3089607498399718
RPL7A,1.3085171756278022
NAMA,-1.308122295362332
ARMC10P1,1.3071093801758171
EGFL8,-1.3070548184058324
RPL34P34,1.3069777534213909
MAFF,1.3065491011839805
DANCR,1.306528634399829
H2AC25,1.306077930233021
LINC01352,-1.3058084295240855
ENSG00000170165,-1.3058084295240855
LINC02611,-1.3058084295240855
ENSG00000271009,-1.3058084295240855
ENSG00000230394,-1.3058084295240855
ATP5MK,1.305663040524578
PRDX1P1,1.3054696721541903
ENSG00000270574,-1.3051034722460035
CDKN2C,1.3044629527767362
VWA3B,-1.3043340348726242
FAM110D,1.3028473533216576
ENSG00000270823,-1.3025627700204314
NNAT,-1.3025627700204314
SLC34A2,-1.3025627700204314
RPL18,1.3022447784442452
ENSG00000264895,-1.3022322935464423
RN7SKP203,1.3021085515946484
PGK1P2,1.3017148739978537
RNU6-171P,-1.301169534720565
FIS1,1.300738964587924
H2BC26,1.3006954578092762
PTPRB-AS1,-1.3003949333377212
LOC124904381,-1.2995602818589078
AIDAP2,-1.299385526236274
UBE2CP5,-1.2991182119792766
ITGBL1,-1.2989669464440512
DTL,1.2989114421623904
LAPTM5,1.2985932721686886
POLR2I,1.2984014482904656
LBH,1.2982553586226122
ENSG00000235683,-1.2976805486406853
IRAK2,1.2964808889269357
MIR1-1HG,-1.2961978197939448
UBL5,1.2961146269110368
RPL13A,1.2960330077201578
AK2P1,1.2958371958161905
DRAIC,-1.2954558835261714
KIAA1210,-1.2954558835261714
ENSG00000269356,-1.2954558835261714
ENSG00000225531,1.2954558835261714
JAKMIP3,-1.2953797659203876
SLC7A7,1.295206562685511
TRIM16,1.2948598516891916
PTPRQ,-1.2944875667968276
COQ8A,1.2942125532454878
EMX2OS,-1.294183104404458
AIF1,1.293999351306655
UBA52,1.2936961681874783
FAU,1.293565871810502
STARD7,1.293333319604676
BDNF,-1.2932393360713148
RWDD4P1,1.29218075149331
CD180,1.2912312976644458
RPL14P1,1.290272453792612
NEIL3,1.289506617194985
ATF4P3,-1.2895066171949847
ENSG00000279091,-1.2895066171949847
ENSG00000256427,-1.2895066171949847
MIR1-1,-1.2895066171949847
ENSG00000253553,-1.2895066171949847
ENSG00000279834,-1.2895066171949847
ENSG00000258068,-1.2895066171949847
ENSG00000262265,-1.288761230952163
ENSG00000279645,-1.2885694979409317
NDUFB11,1.288251976512555
ISCA1P1,1.2882449686310735
ADAMTS2,1.287433838698592
RPS27A,1.287043251908665
CTNS-AS1,-1.2865227587561636
NDUFB4P12,1.2857544823338776
ROMO1,1.28554293802205
AQP7B,-1.2854022188622485
ENSG00000250551,-1.2854022188622485
ENSG00000267072,-1.2854022188622485
H4C4,1.284838776152142
ENSG00000274776,-1.284814921870263
ENSG00000285646,1.2845675673834351
TEX41,-1.2844533894686996
ADARB2,-1.2844533894686996
PRDX5,1.2838640049764478
EYA2,-1.2837929660005911
ZDHHC4,1.2833423606204988
ENSG00000227021,-1.282933963271499
ZNF705EP,-1.282933963271499
LOC100130881,-1.282933963271499
KLF17P1,-1.282933963271499
ENSG00000279584,-1.282933963271499
FOXD2,-1.282933963271499
SPICP3,-1.282933963271499
ATP2B2,-1.282933963271499
ENSG00000273792,-1.282933963271499
ENSG00000270022,1.2827783411322085
ASRGL1,1.2817158268998692
MT1A,1.2815703572712214
ENSG00000227034,1.2814129351486483
COX7C,1.281141465753085
LAD1,1.2810201513071564
ENSG00000273424,-1.2801079191927354
RPS26P23,-1.2801079191927354
RPL9P16,-1.2801079191927354
COX17P1,1.2799340062227351
NLGN4Y,1.27977766966837
MT1X,1.2796885676678549
GYG1P3,1.2794599537469051
DBI,1.2790716215864728
ANXA2P2,1.279023350856213
PLPP1,1.2790053627455769
POLR2G,1.278959452426746
SRGN,1.2785619816368343
LINC01480,-1.2785354993739817
RPSAP6,-1.2785354993739817
RPL7P18,-1.2785354993739817
PDCL3P6,-1.2785354993739817
KCTD17,1.278493624472567
YRDC,1.2780212901901506
AP2S1,1.2777109824662378
RPL36,1.2776232247813797
HEPACAM,-1.277533975528909
ENSG00000255142,-1.277533975528909
RPL22P1,1.2770639657378522
DSCAML1,-1.2769613638758712
RPS15AP30,-1.2768402053588244
SEMA6A-AS1,-1.2768402053588244
PSMA6P2,1.276840205358824
THY1,1.2763312284472514
RPS15AP1,1.276230572963998
SPATA41,-1.275941889613182
TVP23CP1,-1.275941889613182
RN7SKP71,1.2756344426134274
BTF3P4,1.2756344426134274
RPS7,1.2747028141698684
PITX3,1.2746223801090055
ENSG00000253142,-1.2744391691060433
EIF3FP3,1.2740334047830506
NCAM2,-1.2736561496834882
TUBA1A,1.2730492000785931
ENSG00000227388,-1.2730184944064162
ENSG00000231741,-1.2730184944064162
SLC8A1-AS1,-1.2730184944064162
ONECUT2,-1.2730184944064162
MIR4677,-1.273018494406416
SPAG17,-1.273018494406416
ANAPC1P2,-1.273018494406416
NUTF2P2,1.2730184944064158
SF3A3P1,1.2730184944064158
HCST,1.2727933722961222
ST7-AS1,1.2726845758675132
COL1A2,1.2708397138503251
PPIA,1.2705044336353637
CDC42P6,1.270475789402723
SPON1,1.269619917944551
RNU5A-1,1.2693775728336527
RABGAP1L-IT1,-1.2691866328153891
UBA5P1,-1.2691866328153891
NDUFB4,1.268962381072959
SMIM26,1.268943638955641
ENSG00000258796,-1.268488835925902
SNORD13,1.2683678501368345
CPVL-AS2,-1.2680350868921602
PLEKHB1,1.267772324840457
GDI2P2,1.2676216753294456
RPL34,1.267513437810508
UBE2T,1.267480310864986
MTCYBP32,-1.267480310864986
ENSG00000260729,-1.267480310864986
H3C1,1.267283878835152
S100A9,1.267135622046983
ITGB6,-1.266280065337448
RPL21,1.266274074912358
ENSG00000246627,-1.2658940599730346
IRX4-AS1,1.2653821606902167
COX14,1.264964584825136
COPS9,1.264736988057229
DIP2C-AS1,-1.2647032261944122
RPS6,1.2643377549726331
RPL21P123,-1.264212597031075
ENSG00000261606,-1.264212597031075
FAM83D,1.263034405833794
COXFA4L3,1.263034405833794
ZNF687-AS1,1.263034405833794
MYF6,1.2630344058337937
MYL6B,1.2630344058337937
ENSG00000278040,1.2630344058337937
MIR654,1.2630344058337937
FRMPD2B,-1.2630344058337937
SLC14A2,-1.2630344058337937
LOC112268198,-1.2630344058337937
MIR5706,-1.2630344058337937
ENSG00000277173,-1.2630344058337937
TAFA1,-1.2630344058337937
ENSG00000248544,-1.2630344058337937
PCDHA11,-1.2630344058337937
SMIM3,1.26278632827478
DDIT4,1.262462021362533
PIM1,1.2617749600611954
RNU5B-1,1.2617468599733337
ATF4,1.2615365791184474
LOC102723324,-1.2614922410253884
AGAP1-IT1,-1.2614922410253884
KLHDC3,1.2613966258446447
CACNA1G,-1.260960077595935
LOC100422325,-1.2608665691510836
FAXC,-1.260527550223219
SSR2,1.260279913157886
RPL4,1.260278880134421
LOC102723347,-1.259948425960051
LOC105379428,-1.259948425960051
LOC101930100,-1.259948425960051
UBE2L5,1.2597960317672494
LINC02517,1.259740580108752
CXCR4,1.2596035004335204
RPL34P31,1.2595829806448646
TMEM72-AS1,-1.2593866288186495
ENSG00000267838,-1.2593866288186495
ENSG00000261970,-1.2590213433271706
POU5F1P5,-1.2587342684001683
ENSG00000213331,1.258602159518533
ENSG00000279659,-1.258574757643094
LOXL2,1.2585008653370544
IFITM2,1.2583780434025722
APH1A,1.2577336220104849
AGT,1.2576816872281626
H2AC21,1.2571095718766885
ENSG00000277152,-1.256662323421194
LTAP1,1.2566026021013106
HMGN1P24,-1.2563397532597858
ENSG00000253347,-1.2563397532597858
ENSG00000280474,-1.2563397532597858
RPS3AP13,-1.2563397532597855
RN7SKP202,-1.2563397532597853
RPL27,1.2562964913847872
TMSB10,1.2562907397721943
TK1,1.2556548754681962
SSR4,1.2556190922999857
SEC11B,1.2554611861289933
SNRPC,1.2545038159500617
RPL19,1.2541475084711684
RPL30P14,1.2536560735179323
ATP5MF,1.2535648772195676
PRDX2,1.2533797462713254
ACVR1C,-1.2529807411698708
ENSG00000261668,-1.2529807411698708
CAPG,1.2527660703799666
ATP6V0B,1.252670893243048
H2AZ1,1.2524352988038696
CYP4F11,1.2523871616342857
LRTM3,-1.25191837363962
SNRPB,1.2516396512336816
PPP2R2B,-1.2515387669959646
RAB1AP1,-1.2515387669959643
CSPG4P11,-1.2515387669959643
LINC01482,-1.2515387669959643
ENSG00000280189,-1.2515387669959643
TMEM100,1.2515387669959643
PSMB3,1.251164376246318
TPSB2,1.2508081035005345
ENSG00000279700,-1.2502266295331737
LOC124903574,1.2502103654762102
MAP1A,1.2500573001506972
MEMO1P1,1.2496317012313054
ENSG00000280234,-1.2496138900714724
RPS19,1.2494498308076825
ERHP1,1.2493594689367176
CKAP2-DT,1.2493594689367176
NDUFB3,1.2490691753933902
S100A2,1.2486791128567234
C11orf96,1.2483578292013495
MSH2-OT1,-1.2479275134435857
RPL39P5,-1.2479275134435857
TRIM8-DT,-1.2479275134435857
GNG10,1.2479275134435854
MRPS21P1,1.2479275134435854
NSRP1,-1.2476249665113897
RNU4-2,1.24716032648539
MEMO1P2,1.2470928619647723
RPS18P5,1.2466125240076502
SNORD3A,1.2460028014362312
ENSG00000279103,-1.2459792416540638
SNRPEP4,1.2457564144019584
PKD1L2,-1.245342501032059
COL6A4P2,-1.2451124978365316
ENSG00000257954,-1.2451124978365316
ENSG00000284740,1.245112497836531
RAB5IF,1.244952046850336
ENSG00000280035,-1.2443071977648887
LOC105372832,1.2439255828860891
RPSAP36,-1.2438596145264496
ENSG00000260633,-1.2437029275818603
ENSG00000279392,1.2433033292465576
KIF5A,-1.2428565238961635
ENSG00000271749,-1.2428565238961633
SHISAL2A,-1.2428565238961633
ANKRD20A1,-1.2428565238961633
MAB21L2,-1.2428565238961633
RPS3AP32,-1.2428565238961633
MND1,-1.2428565238961633
ENSG00000273149,-1.2417577462033789
ENSG00000272512,-1.241585986569759
ADIPOR1,1.2415755023931594
FSTL1,1.24147745895619
RNASE2,1.2410080995037949
ENSG00000237422,-1.2410080995037949
MAGED2,1.2407739147713774
COA3,1.240736958696565
RPL10,1.2407207795521724
SNORA2A,1.2406980758556934
LOC105370921,-1.240463994258466
NDUFB2,1.2394898255451985
ENSG00000273055,-1.2394659346953891
CYCSP3,-1.2394659346953891
CCDC33,-1.2394659346953891
MIR3140,-1.2394659346953891
GRK6P1,-1.2394659346953891
OR52U1P,-1.2394659346953891
RPL37AP3,-1.2394659346953891
RPL37P19,-1.2394659346953891
ATP5MC3,1.2393457676886033
H2AC6,1.239187663879426
SPARC,1.238996746564672
HMGB3P10,-1.2385723483918825
FABP5P9,-1.2384957295203654
TMEM14C,1.238216042982298
ENSG00000259402,-1.2381597371947646
PPIB,1.2380228306933467
SCARNA23,1.237943424870963
RPS2,1.23750311124693
RGS13,-1.2370391973008492
ENSG00000279589,-1.2370391973008492
SHANK2,-1.2370391973008492
HLA-A,1.2368618612785145
TCF7L1,-1.2362121417191083
ENSG00000256618,-1.2360673582335244
CNTN2,-1.2360673582335242
ENSG00000285734,-1.2360673582335242
NDUFA6,1.2359885093861542
LINC00670,-1.235888263820671
PRRT2,-1.235771451137648
NHP2P1,1.235628248493142
ENSG00000237868,1.2353780629309286
FBXW10B,-1.2352164616940318
CNTNAP3C,-1.2352164616940318
ABCC11,-1.2352164616940318
SOD1,1.2352066663464072
KCNA7,1.234465253637023
LINC01572,-1.2337971846086977
HLCS-IT1,-1.2337971846086977
SDAD1P4,-1.2337971846086973
PSMB5,1.233372838692801
LINC02344,-1.2331991762930308
RPS3A,1.2331493334306076
SAMD9L,-1.232977171977614
GSTM3,1.232920281288807
RPL37A,1.2326698659969786
DUX4L27,-1.232660756790275
ENSG00000279394,-1.232660756790275
TSPAN9-IT1,-1.232660756790275
VDAC1P6,1.232544038612072
RPS20,1.231684434399281
BNC1,-1.2313255461064556
MCRS1,1.2303720689332482
PHB2,1.2296387887436335
PRKCH-AS1,-1.2294818461227677
LCNL1,-1.2294334067170216
ID1,1.2293052474414905
TMEM147,1.2291685767327527
ENSG00000277548,-1.2288186904958809
ENSG00000258734,1.2288186904958809
MED18,1.228707922708895
A2M,1.228301307899324
CFL1,1.228182846340342
MAD2L1-DT,-1.2281060725308417
MIEN1,1.2280818069993693
FOS,-1.2280064646916105
HMGB1P39,-1.2279519466783486
TNFSF14,-1.2278059175228122
MXRA7,1.2277424269489032
RARRES1,1.2276404992985994
ENSG00000272341,-1.227370097490833
TMEM141,1.2273561112179134
LINC01600,-1.227291220749287
PLP2,1.2267898626772942
ENSG00000264490,-1.2263504349051313
SNORA5A,1.2257533897543345
ENSG00000230732,-1.2257127796280591
UQCRH,1.2253153527044698
XRCC6P4,1.2250665556347733
UQCR10,1.2250018669732423
COX6B1,1.224452062484206
TCAP,1.2243839428969383
LOC102723475,1.2243727854646886
ATP5F1E,1.223593666235898
RPL36AL,1.22347625101426
GLRX3P2,1.22309566046365
FUNDC2P1,1.222466635953141
H19,1.2224009388668506
TMPRSS3,-1.222392421336448
FSTL4,-1.222392421336448
ENSG00000285596,-1.222392421336448
TRIM29,-1.222392421336448
MIR648,-1.222392421336448
ADD3-AS1,-1.222392421336448
TAS2R6P,-1.222392421336448
ENSG00000285755,-1.222392421336448
RNU6-1189P,-1.222392421336448
CPNE6,-1.222392421336448
COPS3P1,-1.222392421336448
LOC124906280,-1.222392421336448
SLA,1.2218590775074945
LDAF1,1.221268646819955
SF3B6,1.2212256642644528
NDUFS5,1.2198317362612328
INHBB,1.219313028404476
ENSG00000271789,-1.2187073745285917
PPP1R42,1.2181801700495332
ENSG00000225655,1.2181801700495332
NUDT19P5,-1.217700726011726
MICOS13,1.2171810830707452
COX5B,1.2168687847466828
NANOGP4,-1.2161334308647658
ANGPTL2,1.216065778425098
ENSG00000279191,-1.2159373991991484
LINC03013,1.2158692977551138
HRK,1.2157286910554372
PPP1CA,1.2156346768466204
ZMAT1,-1.2155517492460672
TGFBI,1.2150265327676448
VWA3A,-1.2147388487930124
ENSG00000279439,-1.214443668220957
ADH5P2,1.2138683490299096
POLR1H,1.2137866307687708
SSTR2,1.2135954730992888
COX7A2L,1.2133284365035433
SFN,1.212993723334198
RAB20,1.2128177670326217
DFFBP1,-1.2125446353801008
HBB,1.2124484981096737
WASH4P,1.211504105193712
ENSG00000285902,-1.2115041051937117
CHRNA4,-1.2108967824986183
GJD3,-1.2108967824986183
AGBL2,-1.2108967824986183
RP1,-1.2108967824986183
ENSG00000223356,-1.2108967824986183
ZFPM1-AS1,-1.2108967824986183
ADGRE4P,-1.2108967824986183
ENSG00000238165,1.2108381947083655
MGAT4C,-1.2108160700288282
FGF23,1.2105669859396582
TBX2-AS1,-1.2104528080249226
C12orf57,1.210187509533927
NXT1,1.2097923845568144
SNRPN,1.2094754821683658
RNU6-125P,-1.2094533656289497
ENSG00000279684,-1.2094533656289497
RN7SL145P,-1.2094533656289497
LINC02502,1.2094063301724003
ENSG00000280163,-1.2082713130917953
MYL6,1.2081882217625295
UBE2D3P1,1.2080111101799365
ILF2,1.2079432692844732
LDHBP2,1.2079118345957065
GOT2P7,-1.2075954194083671
ANKLE1,-1.2075954194083671
ENSG00000279266,-1.2075954194083671
LINC02936,-1.2075954194083671
STMN1,1.2073831019622323
PSMB4,1.2073356196969498
PDZD11,1.206544769305726
RPL31,1.2063941130897404
NDUFB1,1.206237567976102
HSBP1,1.205656514756219
FOSL2,1.205527552609741
ENSG00000275389,-1.2051144299046124
RPS8P1,-1.2051144299046124
ENSG00000253286,-1.2051144299046124
ENSG00000275888,-1.2051144299046124
GCNT1P1,-1.2051144299046124
ENSG00000238258,-1.2051144299046124
LOC100419861,-1.2051144299046124
RNA5SP155,-1.2051144299046124
GOLGA2P11,-1.2051144299046124
RN7SL239P,-1.2051144299046124
RNU6-7,-1.2051144299046124
EEF1B2,1.2050122940789207
ID3,1.204603185816525
PSMD8,1.204398474250798
VDAC1P1,1.2039591755684445
UQCRHL,1.2036249850473495
RPL26P12,1.2035333940851325
RPL37P18,-1.203533394085132
PIRAT1,-1.2029400586702754
FOXO6,-1.2029400586702754
CFTR,-1.2029400586702754
NME2,1.202816882999687
SERPINF1,1.2026175185858012
MRPL33,1.2025610920221672
RPS15,1.2020290195579024
PTRHD1,1.20199050359854
HBA1,1.2019588290820251
PRICKLE2-AS1,-1.2016338611696509
RNU105B,-1.2016338611696509
CACNA1I,-1.2016338611696509
ENSG00000254522,-1.2016338611696509
RAB4B,-1.2016338611696509
KPNB1-DT,-1.2016338611696509
TEKTIP1,-1.2016338611696509
TOMM20P1,-1.2016338611696509
PHB1P21,1.2002986504858313
CLC,1.200298650485831
COPZ1,1.1995786176938343
DYNLRB1,1.199422761369591
PLCB1-IT1,-1.199308808223407
TLK2P2,-1.199308808223407
SORCS3,-1.199308808223407
HAX1,1.1992558887115006
MYBPC1,1.1988175525649991
TUBA1C,1.1987452774788137
DUSP26,1.1985516654077548
SUMO2P21,1.1984506996236015
TNFSF8,1.1983814474915402
ENSG00000280063,-1.1981448750897703
CHMP5P1,1.1979393776119092
MRPL14,1.1977906742697055
SLC25A5,1.1977113188067092
WDR54,1.1975605683565125
ATP5MGP2,1.1970368470595536
VPS25,1.196571245654576
LINC02102,-1.1963972128035036
RNU6-789P,-1.1963972128035036
MPP4,-1.1963972128035036
LINC01266,-1.1963972128035036
CAP1P1,1.1959202099752566
PRADC1,1.195776328949817
CYSTM1,1.1956907623374835
EOLA2-DT,-1.1954253737361786
COX7B,1.1951041003506475
TWIST2,-1.1946474308535433
ZNHIT1,1.194092114213046
ENSG00000251066,1.193941882560848
ENSG00000260747,1.193510573823467
ELN,1.1931684572482952
ENSG00000248863,-1.1926450779423958
HSDL2-AS1,-1.1926450779423958
ENSG00000279764,-1.1926450779423958
CALML3-AS1,-1.1926450779423958
TBX18,-1.192036525589808
MIR938,-1.1917608026827848
PKP1,1.1916200725416315
ENTPD2,-1.191531457631687
CLEC5A,1.191184120814116
USP38-DT,-1.191141487352008
RPL24P4,1.1907527207875173
TUBA3E,1.1906835616091098
RPLP2,1.1906003518377977
HNRNPA1P5,-1.1903312121041496
ANP32AP1,1.1903312121041494
ASS1P3,1.1901028833799427
TAS2R5,-1.1898245588800174
OR2S1P,-1.1898245588800174
SLCO2A1,1.1894899207725471
RPL24,1.1892249224816789
TYROBP,1.1891728860355908
ENSG00000279495,-1.1891235749291538
CEBPD,1.1887524751332943
RPS7P10,1.188609564707239
FBN3,-1.1876270031757714
ENSG00000281100,-1.1876270031757714
ENSG00000283208,-1.1876270031757714
PTENP1-AS,-1.1876270031757714
ENSG00000279859,-1.1876270031757714
HSPD1P16,-1.1876270031757714
ENSG00000269069,-1.1876270031757714
FRMD1,-1.1876270031757714
REXO6P,-1.1876270031757714
PPIGP1,-1.1876270031757714
ENSG00000236166,-1.1876270031757714
DAZAP2,1.1869759650617304
CSNK2B,1.1869314267480024
GLTPP1,1.186413124230881
H4C2,1.1860505742727274
KRT18P4,-1.1855556531560765
SPTBN4,-1.1851982230720224
MYO15A,-1.1851114052569884
ENSG00000262248,-1.1851114052569884
ELOB,1.1850826849058027
INMT,1.1850407179522369
G0S2,1.1849364949881798
RPL9,1.1848464651126254
HESX1,-1.1844245711374275
LINC02232,-1.1844245711374275
NOTUM,1.1844245711374275
NDUFA13,1.1840907344117833
CD74,1.1835578511509683
ENSG00000269894,-1.18322182405577
RPL26L1,1.1831587352868465
S1PR3,1.1829784070124227
TNNC1,1.1827712810138122
ENSG00000250280,-1.1820868862438194
PGK1,1.1820000792507912
FDX1P1,1.181606806489948
NR4A2,-1.1813297647145615
CSRP3,1.1811127714050775
FITM1,1.1808681679116424
HSD17B10,1.1807735489478042
ENSG00000253683,1.1807642338037767
HMGB3P28,-1.1805722456418208
ENSG00000269867,-1.1805722456418208
SFR1P1,-1.1805722456418208
LOC100421402,-1.1805722456418208
RN7SKP48,-1.1805722456418208
RPL23AP81,-1.1805722456418208
RFPL3S,-1.1805722456418208
HNF4G,-1.1805722456418208
RPL30-AS1,-1.1805722456418208
RPL7AP42,-1.1796075548396516
MRPL11,1.1792955242833765
ATP5MC2,1.1788724574735967
ENSG00000267127,-1.1788031527887652
FRG1-DT,-1.1788031527887652
C14orf119,1.17871009447252
RPL38,1.1786436233651705
ZRSR2,-1.1783758051654631
NDUFV2P1,1.178375637460157
VDAC1P3,1.1783372412585125
CDC20,1.1783372412585125
RTRAFP1,1.1782211429974037
TMEM107,1.178036752825957
ENSG00000261734,-1.1775381855521876
GOLGA6FP,-1.1775381855521876
LDHA,1.177327636061255
CIAO2B,1.1772981575232204
MRPL54,1.1771722798029522
DAD1,1.177093565215315
RNU6-2,1.1768777620840791
SNORD114-21,1.1768777620840791
NALF1,-1.176588731723323
ENSG00000269890,-1.176322772640463
SELENOTP1,1.1760303640914995
UXT,1.175879178448871
RNU6-1016P,-1.1758498353994178
ISCA1P6,1.1758498353994176
SNORD116-15,-1.1758498353994176
RPL36AP37,1.175266909310252
RPS9,1.1747206680439617
RPL27A,1.1746258963185294
B2M,1.1744123924346264
ATP5ME,1.1741761440160698
TRNP1,1.17417447444367
MRPL36,1.1738678709117678
GET3,1.1736695616895634
RPL23A,1.1734950109791684
NR2F1,-1.1734828208555013
LOC102724768,1.173268444516683
FKBPL,1.1731489023165989
MRPL51,1.173079564846112
SPHK1,1.172702086112886
HNRNPCP2,1.1726668997162677
RPS25,1.1725706927043815
CCNQ,1.1724852417608764
RPS10P26,1.17236404689373
RPS21,1.1723324440323812
ATP5MJ,1.1723015002773538
PGAM1,1.1722920159862285
COX6A2,1.1720620857098762
ANXA5,1.1720465514011065
MRPL34,1.1720321211686722
SH3RF2,1.1718468014346173
XKR4,-1.1716476225913202
SNHG16,1.1716427391850648
ENSG00000263443,-1.1711119163927546
RPL41,1.1707326683862278
SNTA1,1.1705168763391836
ENSG00000258430,-1.1699250014423124
RNU6-828P,-1.1699250014423124
DDX43,-1.1699250014423124
EAF1-AS1,-1.1699250014423124
NALF1-IT1,-1.1699250014423124
ENSG00000262803,-1.1699250014423124
CCL24,1.1699250014423124
KRTCAP3,-1.1699250014423124
NPIPB15,-1.1699250014423124
TMSB4XP4,-1.1699250014423124
ENSG00000268896,-1.1699250014423124
VASH2,-1.1699250014423124
ENSG00000226971,1.1699250014423122
CTSL,1.169696310779887
RPL23P8,1.1690052085894231
IGHG1,1.168549040402495
MKRN5P,-1.168352581623559
MAGEH1,1.168322896845811
MS4A2,-1.1683049057741506
CALR,1.168031311693244
RPL15,1.1678821085856512
NPTX2,1.167841686941823
CAMK4,-1.1675999484960684
ENSG00000279319,-1.1673783193319658
TBCB,1.1673560577526347
CDKN2AIPNL,1.167287532625681
ENSG00000234337,1.1672359139146722
DHRS9,1.1671099858352585
TUBA1B,1.166830884145076
DIRAS3,1.166675164095058
RPL22P3,1.1666498694094514
PGK1P1,1.166558150343914
NAA38,1.1664139385244323
ENSG00000267287,-1.16635838642212
SEM1P1,1.1660099514389293
SELENOW,1.166000151253883
APCDD1L-DT,-1.1658088929700805
EEF1DP1,1.165586065717975
TSPO,1.165511101536593
SESN2,1.1652282147409132
BRSK2,-1.1650592462704965
PGAM1P8,-1.1650592462704965
RHOC,1.1647914589333124
ENSG00000228886,-1.1645717669481055
HROB,1.1643868179008825
PTPRD-AS1,-1.1639757351111262
ENSG00000276916,-1.1639757351111262
LDHAP7,1.1639262608208694
MCRIP1,1.1639111630777326
ZFPM1,-1.1637802612214037
ATP5F1C,1.1637159461464577
NDUFB7,1.163623484329383
RPL26P32,1.1634623699171636
NDUFB9,1.163329030647912
RPS4X,1.162950338158562
ITLN1,-1.162898407848964
CHST6,1.162870243908362
ENSG00000279208,-1.1625723351552373
TMA7,1.1625656063084038
NCS1,1.1625328672122774
ENSG00000260714,-1.162271428898877
B3GALT5,-1.162271428898877
CACNA1S,-1.162271428898877
POLR2K,1.1621402449896356
CTSK,1.1618985591899165
MIR27B,1.161887682376894
XRCC6P1,1.1617510699966125
EI24P2,1.1617510699966125
ISOC2,1.161036905310111
UCKL1-AS1,-1.1609918766723046
DNAJC19P5,-1.1609918766723046
UROD,1.1609880159007608
SAMD4A-AS1,1.16082279433506
RNF5,1.1605981129777736
POPDC3,1.1605698363906094
TMEM183BP,1.160464672193246
ENSG00000240996,-1.160464672193246
TMED1,1.1604314705353218
RPL11,1.1598797139772254
PM20D1,-1.1598713367783895
XBP1,1.1596809699455093
ENSG00000254180,-1.159198594849254
DPP4-DT,-1.159198594849254
ALG3P1,-1.159198594849254
RN7SL630P,-1.1591985948492538
ENSG00000272732,-1.1591985948492538
ATP5MG,1.1589150217063031
TTTY10,1.1589035953510602
CD151,1.1587772863244676
RPL37,1.1586977460190582
SNORA63D,1.1583899710758343
ARL2,1.1578796597817191
TPT1,1.1577125378078286
GPC5,-1.15754127698648
ADGRB1,-1.15754127698648
SHANK3,-1.1573444362397285
HIF1A-AS3,-1.1571463967210096
PLCZ1,-1.1565044856799909
AOC4P,-1.1565044856799909
ENSG00000267340,-1.1565044856799909
ENSG00000272542,-1.1565044856799909
RN7SL398P,-1.1565044856799909
ENSG00000257657,-1.1565044856799909
MDN1-AS1,1.156119201917282
RNU6-36P,1.1561192019172817
PKM,1.1561086497686217
LINC01679,1.1556508704601942
P2RY8,1.155599717410359
MGST3,1.1553224315239476
SH3GL1P2,-1.155278225477911
ENSG00000256341,-1.155278225477911
PSENEN,1.155051724960782
RPL6,1.154609294972839
ANKRD24,-1.1545770371088766
ZNF622,1.1544576057453728
TOMM7,1.1543341482801912
CROCCP3,-1.1541231453194194
FCGR2A,1.1539126834536813
ENSG00000261770,-1.1538053360790357
S100A4,1.1537692330512714
MIR3609,1.1536950076074024
PLTP,1.153263173848426
ENSG00000276216,1.153011618505966
SUMO3,1.1529479281409547
BTF3,1.1526888018745776
PTTG1IP,1.1525449761842774
RPS17P16,1.1524760306860953
CIB2,1.1521265009162245
BTG1P1,-1.15200309344505
ENSG00000236018,1.15200309344505
ENSG00000277386,-1.15200309344505
BRINP2,1.15200309344505
MTND6P5,-1.15200309344505
HEMGN,-1.15200309344505
ITPRID1,-1.15200309344505
ENSG00000260470,-1.15200309344505
LOC124900609,-1.15200309344505
ENSG00000234913,-1.15200309344505
RPSAP16,-1.1520030934450498
HIGD2A,1.151875399523928
CENPX,1.1518491156402304
KLF15,1.1515082087080668
KCNJ8,1.15102018465214
APOLD1,1.1508650190406025
H2BC15,1.1507314362090015
CDC42EP4,1.150547124178937
GNB3,-1.1494245493432738
DUOX1,-1.1492260087744763
GP6,-1.1492260087744763
HINT1P1,1.1488633859144828
SPOCK2,1.14882184620037
XRCC6,1.1486754524745784
ATP6AP1-DT,1.148445274031861
SGSM2-AS1,-1.1483918398926711
DNAH8,-1.1483918398926711
ENSG00000275850,-1.1483918398926711
TAS2R3,-1.1483918398926711
EDF1,1.1482871994631758
BABAM1,1.148201523285194
COX6C,1.1481038861737347
INSYN1,1.148027789563734
ENSG00000233517,-1.1468413883292712
LOC101929494,-1.1468413883292712
HSPA8P18,-1.1468413883292712
CHEK2P6,-1.1468413883292712
ENSG00000254859,-1.1468413883292712
AMZ1,-1.1468413883292712
LOC100419092,-1.1468413883292712
TXN,1.1464366485199424
EEF1AKMT4,1.1463894869815234
GPX4,1.1459049523772926
NR2C2AP,1.1455015275030949
MYL3,1.145434946156885
ENSG00000272103,-1.1454304395215638
CRIP3,1.1450308222914678
RNASEH1-DT,1.1448529794854798
PEBP1,1.1438621704960212
LSM3,1.1434826490343042
RASL11B,1.1433748402734036
MAF1,1.1432999442904046
PXMP2,1.1431431165248216
RAD21-AS1,-1.142957953842043
ENSG00000256325,-1.142957953842043
OR7K1P,-1.142957953842043
LRRC37A17P,-1.142957953842043
SLC2A1,1.14260835828649
CATSPER2,-1.1425391136472334
BEGAIN,-1.1413558492455416
SOX2-OT,-1.1413558492455416
CCNB1IP1P3,1.1413558492455416
MTLN,1.1410072699405227
ZNF793-AS1,1.140778655782796
HLA-DOA,1.1407695936564777
NDUFA12,1.1406296247366543
COMMD6,1.1405122736222733
ICOSLG,1.14017765804826
RPS12P14,-1.1399302611444753
ENSG00000274765,-1.1399302611444753
ENSG00000271327,-1.139930261144475
EEF1A1P30,-1.1399302611444748
ENSG00000245768,-1.1399302611444748
ENSG00000279570,-1.1399302611444748
NTM,-1.1396345360146316
ENSG00000254936,-1.1394030566654163
HMGN2P28,-1.1390640377375518
LY86,1.1384467699691443
PSAP,1.1383456072233094
ENSG00000279602,1.1382161417149743
PRDX6,1.1381902726988251
MRPS23,1.1377293742016532
ENSG00000259701,1.1375035237499351
SERBP1P3,-1.137503523749935
RNA5SP33,-1.137503523749935
MACROD2-IT1,-1.137503523749935
LOC285638,-1.137503523749935
ITGB1BP2,1.1368376132645888
HLA-DQA1,1.1368166896303742
CD99,1.1365368356506522
ATP5PD,1.1364747215061506
BDH2P1,1.136372441731286
NAB2,1.1363214712127805
ENSG00000248725,-1.135514970656481
B3GAT1,-1.135514970656481
ENSG00000272482,1.1351595832816357
PIK3IP1,1.1350389347492875
LINC01138,-1.1349295800861086
CEP152,-1.1344853321870203
GABARAP,1.1344333823027517
IGHG3,1.1339783050359211
ST3GAL4,1.1339268032049157
RPL17P10,-1.1338557467347905
CFAP54,-1.1338557467347905
MIR4312,-1.1338557467347905
RANP8,-1.1338557467347905
LAX1,-1.1338557467347905
OR52T1P,-1.1338557467347905
P2RY2,1.133765338146894
RNVU1-6,1.133583154378592
PYCR1,1.1331664514321944
VDAC3P1,1.133138331188533
HMGN3P1,1.1329738652694208
PHB1,1.132623534043038
TWF2,1.132539393621974
MYL12B,1.1324871107383827
ENSG00000272807,-1.1324502960236495
DCXR-DT,1.132450296023649
CCL8,1.1321700794468943
LINC00881,1.1316569848807003
TMEM14B,1.131300387826001
LINC02795,-1.1312445332782526
DHRS3,1.1309047626605535
GSTO1,1.130879289242676
SORCS1,-1.1306810172079844
EIF3L,1.1305416367767047
BCL2L15,-1.1301987231267012
KCNJ5,1.1298013194620875
TAF1D,1.1289741810261094
FCER1G,1.1289415102465108
PHETA2,1.1288490584393966
ENSG00000237927,-1.128474557948809
CCDC28B,1.12818826916949
HLA-B,1.1279829433146171
SLIT2-IT1,-1.1277555471983725
ENSG00000272699,-1.1277555471983725
CD59,1.1273401563916343
NENF,1.1272244817996764
ENSG00000235105,1.1267571422859388
PTPN23-DT,-1.1265324059289317
SNAPIN,1.1260631997920418
RPL21P47,-1.1260078849121056
ENSG00000269028,1.1258296695014929
MYC,1.1256637697586998
DYNLL1,1.1255308820838592
RPS15AP38,1.1255308820838588
UBE2SP2,1.1255308820838588
ATG12P1,1.1255308820838588
ATP5PDP1,1.1255308820838588
MYH6,1.1252848055631226
S100A10,1.12509809520769
KCNJ12,1.1250232781235805
SEC61A1,1.1248309840117356
MIR6809,-1.1246957474493149
HNRNPD-DT,-1.1246957474493149
PDCL3P2,-1.1246957474493149
SSR3,1.124665868173229
S100A16,1.124617205649971
TPM3,1.1245441990127614
ENSG00000269982,-1.1244473709244889
SLITRK2,-1.1236743703865557
IGFBP7,1.1231119383015324
PSME1,1.122943419108395
ARHGAP26-IT1,-1.1226192866639555
IGHEP2,-1.1226192866639555
SIGLEC9,1.1223355429240522
C19orf53,1.122171869993944
C1QTNF9B,-1.1219905243786104
PROK2-DT,-1.1219905243786104
PTTG1,1.1219905243786104
NDUFS3,1.1217948449108792
PCOLCE-AS1,-1.1216294444015311
SHOX2,-1.1216294444015311
ENSG00000248583,-1.1216294444015311
TMEM60,1.1215078723916092
HENMT1,1.1213951075146538
TRAPPC2L,1.1211364375016346
CHCHD1,1.1210747886425516
TSSC4,1.1210391923026684
SLC6A16,-1.1206297051855387
ZNF831,-1.1205128073172343
MCM3AP-AS1,-1.1200938454903058
ABCA10,-1.119558744112353
SERTAD3,1.1194995395165024
BRMS1,1.1194581310916505
DRG1P1,1.1192989283723442
PRKAG1,1.1190858901202017
RAB33B-AS1,-1.1189142530917573
TMBIM1,1.1186361743222768
SLC6A6,1.1183376229767017
ELOVL1,1.118181426348314
ENSG00000247134,1.1181261008621075
ARID5A,1.1180339611357666
ATP1A1,1.1179097703437797
H2BC4,1.117905316238622
ALDH1L1-AS2,1.117253779397661
TBCC,1.1171003509579829
SLITRK4,1.1170231002797553
HSPE1,1.1169151473473578
ASF1B,1.1168136649827498
IL20RA,1.1164094921153105
RAN,1.1162408956410186
LYVE1,1.115806243030779
PPP1R26-AS1,-1.1154772174199363
LDLRAD2,-1.1154772174199363
ENSG00000280385,-1.115477217419936
LHX9,-1.115477217419936
LINC01558,-1.115477217419936
ENSG00000230696,-1.115477217419936
ENSG00000283766,-1.115477217419936
KIRREL1-IT1,-1.115477217419936
EIPR1-IT1,-1.115477217419936
PCDHA9,-1.115477217419936
ENSG00000236283,-1.115477217419936
LINC03040,-1.115477217419936
RPL10P19,-1.115477217419936
MIR5687,-1.115477217419936
ENSG00000259855,-1.115477217419936
ENSG00000280402,-1.115477217419936
TOMM22,1.115477217419936
VIPR1-AS1,-1.115477217419936
ENSG00000258891,-1.115477217419936
ENSG00000248103,-1.115477217419936
Metazoa_SRP,-1.115477217419936
SMCR5,-1.115477217419936
ENSG00000270020,-1.115477217419936
C1GALT1P1,-1.115477217419936
AIMP1P1,-1.115477217419936
LINC01816,-1.115477217419936
FAM86B2-DT,-1.115477217419936
DEGS2,-1.115477217419936
ENSG00000272137,-1.115477217419936
ENSG00000263264,-1.115477217419936
WWC1,-1.115477217419936
ENSG00000260417,-1.115477217419936
FAM133CP,-1.115477217419936
ENSG00000273183,-1.115477217419936
ENSG00000264324,-1.115477217419936
LOC124902079,-1.115477217419936
NDUFAF4P3,-1.115477217419936
PPP1R26P1,-1.115477217419936
ANKRD36B,-1.115477217419936
DCC,-1.115477217419936
HSPB7,1.1154412370265128
H3-3B,1.1154396550620689
NDUFA11,1.1153282479282562
THBS1,1.1145049111916825
SPR,1.1142814485649994
STRIT1,1.1136567817955674
RNU6-8,1.113656781795567
GAS6-DT,1.1135535071585718
PNKD,1.1134058674002412
TGM2,1.113227095008769
TMEM43,1.1131589574148892
EEF1A1P3,-1.112832496164372
H2BC5,1.11272492721725
NOX4,1.1125117589433748
HSD17B8,1.112188245121866
COLCA1,-1.1117732486565175
PRCP,1.111768437231614
ENSG00000261997,-1.111645355828909
STEEP1,1.111556024175175
CLTB,1.1111169856594056
LINC02701,1.111031312388744
HYAL3,1.1110313123887436
GPBAR1,1.1110313123887436
IFITM3,1.1109325010438276
POLR2L,1.1106719669215088
LRRCC1,-1.1105364761496657
TPX2,1.1103604474425055
LGMN,1.1103026087150156
CAV3,1.109781220673934
TP53I3,1.1097022519162238
SNORD116-16,-1.109624491174498
ENSG00000280432,-1.1094659793860742
LGALS1,1.1091286257391697
EPPK1,-1.108934371553164
ENSG00000242795,-1.108735639540881
CLCNKB,1.1085244567781691
ENSG00000250994,1.108524456778169
ENSG00000285669,-1.1084362320393624
TNFAIP8L3,1.1081913606037823
ADH5P4,1.1081488038556226
ITPKC,1.1080937801121848
RTN4RL2,-1.1080597458574528
LOC100131496,1.107915339166888
C1DP1,1.107915339166888
CIDECP1,1.1079153391668874
SNX29P2,-1.1075284643044452
ERP29,1.1072640095662585
ZFAND2A,1.107049727208221
ENSG00000203392,-1.106915203916512
ENSG00000255507,1.1069152039165118
SRD5A1P1,1.1069152039165118
PHKG1,1.1068418571084488
NDUFB6,1.1067485820948924
LSM12P1,1.1067173983302847
NDUFAB1,1.1065146222005164
C7,1.106334055066456
BMP7,1.106151105047483
MTFR2P1,-1.1057946640225969
BIRC5,1.1057946640225966
ENSG00000203647,-1.1053530001462286
ENSG00000274956,-1.1053530001462286
ICMT,1.1053438922517405
GDE1,1.1050160031832834
ENSG00000285994,-1.104869117853955
COPRS,1.104854303819561
CDKL4,1.1043366598147355
LOC285453,1.1040724541476865
TRIAP1,1.104031221330487
ENSG00000260060,-1.103747924837829
MEG3,-1.103645268153795
PPIAP30,-1.103093492964104
LINC01725,-1.1030934929641036
KBTBD4,1.102946301713566
ELOF1,1.102858813005735
IMP3,1.102621653424657
CUTA,1.1025804056853523
MRPL21,1.1025032537181736
C5AR1,1.102401007245304
LCP1,1.1022878815717838
LINC01428,-1.102098187618736
CASQ1,1.101908320198036
IL12RB1,1.1018796140192135
SNRPE,1.101818525583539
CDH4,-1.101538026462062
ENSG00000272017,-1.101538026462062
KCTD8,-1.101538026462062
RNA5SP92,-1.101538026462062
FKBP1C,1.101212251358298
CYP4F12,-1.1008006407874922
RPS28,1.1004399011210286
EIF3D,1.10035142122409
S100A11,1.1002375441757473
NDUFA1,1.0999807511725654
STOML2,1.0995980725060026
MELK,1.0995356735509147
SCAND3P1,-1.0995356735509143
ENSG00000250889,-1.0995356735509143
ENSG00000279221,-1.0995356735509143
ENSG00000275854,-1.0995356735509143
ACTA2-AS1,-1.0995356735509143
ENSG00000273064,-1.0995356735509143
RASGRF2-AS1,-1.0995356735509143
FLT3LG,-1.0995356735509143
LMO3,-1.0991081450129243
LSM4,1.098933169870874
IQSEC3,-1.0988177362179157
MRPL40,1.0985355383005386
RPS24P19,1.0984626388856882
PLPP7,1.0983801308052052
EXO5-DT,-1.098302073611804
PRR33,-1.098302073611804
ATP6V1E1P1,1.0979751595632974
RP1L1,-1.0978473233981445
RPL36AP19,-1.0978473233981445
LAMTOR4,1.0973607980266584
LINC01579,-1.0968615392525891
ENSG00000267469,-1.0968615392525891
MIR1285-1,-1.0968615392525891
PTPRF,-1.096756863392511
CDC14C,1.0963845364243423
POLR2C,1.0961314363276702
IGKC,1.0960421381692909
MPDU1,1.0955776599822311
RPN1,1.095522611044291
EMC3,1.095453093584783
CDK5,1.0954195650786824
YWHAQ,1.0953350647169355
RNU6-653P,-1.09515723304034
SETP6,-1.09515723304034
EIF4A2P2,-1.09515723304034
DHRS7C,-1.0947445982404878
CXCL16,1.094552266036659
RPL19P6,-1.09451759878429
PSMB6,1.0944886850320037
SLC39A14,1.0944314598660874
CMKLR2,1.09412217736455
BLVRB,1.0940547901919544
SYNAGE,-1.0938363860349265
ENSG00000273486,-1.0938363860349265
ENSG00000280073,-1.0938363860349265
NUDT2,1.0937875674692223
BTBD10P1,1.0935741153121978
FBXO6,1.0935258266893324
TMSB4X,1.0933993059378984
PAMR1,1.0933554091735405
BCL2L1,1.093129479603038
AMT,-1.0931094043914815
ZNF334,-1.0931094043914815
CCDC120,-1.0924462487645952
CKM,1.0913156211252355
SENP3,1.0912958340195502
DDX10P1,-1.0911478880581953
TXNDC17,1.091133874303348
SLC16A13,-1.0906025487809068
ENSG00000204683,-1.0906025487809066
ENSG00000237073,1.0901978089715785
EBPL,1.0901978089715785
LOC100420214,-1.0896372124846765
FABP3,1.0894633556252635
RMST,1.0892440310422495
MB,1.089179173792948
RPS2P44,-1.0891258904729837
CLP1,1.088624899340464
RPS9P2,1.088413009726725
MRPS12,1.0875782984182525
RNF212-DT,-1.087462841250339
ENSG00000235672,-1.087462841250339
ENSG00000204556,1.087462841250339
PLEKHG4B,-1.087462841250339
ENSG00000272465,-1.087462841250339
HCRTR1,-1.087462841250339
PITX1-AS1,-1.087462841250339
RDH16,-1.087462841250339
LINC01290,-1.087462841250339
LDHB,1.0870731099285509
NME2P1,1.0867116331933306
EIF3G,1.0865728658156557
PLEKHF1,1.0863716264332537
SPEF2,-1.0861956518488096
GBP3,-1.0861880377381368
RPL7,1.085617157311562
DDOST,1.0854484057950324
ENSG00000226900,1.0853747352879857
CCT3,1.0852725101833625
RHNO1,1.085220132817193
PSME2,1.08513278145843
SNRPGP2,1.0851166136379509
RPS15AP34,-1.084888897586513
ENSG00000279878,-1.084888897586513
IGHA2,-1.084888897586513
COQ10A,1.084451288165306
CALM3,1.0844452809766456
ENSG00000270277,-1.0843162859334754
ENSG00000255031,-1.0843162859334752
PSMA7,1.0842991958786663
CRIP2,1.0838566652351955
TESPA1,-1.0837683576925978
RABAC1,1.083744669869187
GDI2,1.0836116009056929
ENSG00000254409,-1.0834160081876376
NR2E3,-1.0834160081876376
RPL36AP34,-1.0834160081876376
MYO1A,-1.0834160081876376
MTMR12P1,-1.0834160081876376
POPDC2,1.083031344716388
ENSG00000233264,-1.0827404310079365
PRMT1,1.082623815751657
ENSG00000261472,1.082462160191973
LINC00886,1.082462160191973
CRYAB,1.0820506117457158
VTN,1.0820242167899945
PPIAP19,-1.0817940911636474
CACTIN-AS1,-1.0817940911636474
ENSG00000278000,-1.0817940911636474
LRRC69,-1.0817940911636474
GOLGA8R,-1.0817940911636474
RPL39,1.081412578911105
APRT,1.0813106142687443
CSPG4P10,-1.0809199953835675
RPS19P1,1.0808310746130447
ERGIC3,1.0807202461978227
DUSP23,1.080594109897454
MST1R,-1.080531338312012
RIMS1,-1.08037341646402
LOC101927377,1.080170348683983
FRAT2,1.0801389792698448
NDUFC2,1.0800358524037244
ARHGAP20,-1.0799993220652198
ZMAT4,1.0798533076892145
TST,1.0798416135910711
SLC61A1,1.0797817501140516
ENSG00000258789,1.079727192470734
TMEM230,1.079727192470734
AK2P2,1.079727192470734
MTX1,1.0796732649857863
PARK7,1.079669654362251
CYP51A1P3,-1.0795203396435264
MAPKAPK2,1.0791148883218091
PCAT1,-1.0790282461652705
ABI3BP,-1.078361763725285
LINC02009,-1.0780025120012733
ENSG00000279852,-1.0780025120012733
SRRM5,-1.0780025120012733
ENSG00000253317,-1.0780025120012733
RSF1-IT2,-1.0780025120012733
ENSG00000280078,-1.078002512001273
NOP16,1.078002512001273
ENSG00000250615,-1.078002512001273
LOC124906892,-1.078002512001273
RNU6-1237P,-1.078002512001273
CSP2,-1.078002512001273
SELENOO-AS1,-1.078002512001273
IGHD,1.078002512001273
ENSG00000224945,-1.078002512001273
ZBBX,1.078002512001273
RPS20P9,-1.078002512001273
ENSG00000254207,-1.078002512001273
CASQ2,1.0773767233682
C6orf163,-1.077336294007033
COX7BP2,1.07716786052246
UNG,1.0771299635102678
WTAPP2,1.0770224202238452
ENSG00000250371,-1.0765415548729933
MRPS33,1.0765407194581371
COMMD9,1.076540256355586
CHCHD3P3,1.0762883208758869
DDX3Y,1.076263813469431
RBM3,1.0762213753729453
COX5AP1,1.0762105666201185
ACER2P1,1.0759488532332984
ENSG00000285694,1.0759488532332984
FOXM1,1.0759488532332984
EEF2,1.075762988574272
SLC31A2,1.0756530432138314
ENSG00000261916,-1.0752881273042372
GYPC,1.0752413723242162
GLA,1.075235765629578
LDHAP4,1.0752063441891735
ENSG00000262119,-1.074546953365054
CRIP1,-1.074546953365054
CNN1,1.0744924974526753
GNG11,1.074388859656291
NHP2,1.0743604903993391
VDAC1,1.074349905299416
ENSG00000213080,1.0743251107536345
CCT7,1.074250891803057
UBE2D3-AS1,1.0741908980512542
ENSG00000269899,1.0740005814437767
UQCRFS1,1.0733977377062585
TPM3P8,1.0733166776429206
PSMC2P2,-1.0732489820306388
TKTL1,1.073184346603962
ADM,1.0731746611292643
RPL8,1.0730372852714518
CAPNS1,1.072861060495778
RANBP1P1,1.0728505654076814
PMP2,-1.072568625950645
PRDX3P1,1.0725124997843682
PDXP,-1.0721497857558353
DCT,-1.0721497857558353
SLC8A1,1.0719056579933135
DNASE1,-1.0717906830680102
ENSG00000263272,1.0717014653541888
CKMT2,1.0715873958805924
EHD3,1.0714910423709698
ENSG00000242539,-1.0712069504924202
NEU1,1.0709424260374238
ENSG00000243679,-1.0708213371896969
RPL5,1.0706947670862583
FAM32A,1.070628680034774
ENSG00000272334,-1.070389327891398
LINC02656,-1.070389327891398
ENSG00000235852,-1.070389327891398
RNU6-1285P,-1.070389327891398
ARPC3P5,1.070389327891398
COX6B1P1,1.070389327891398
ST3GAL1,1.070363587772734
CDK4,1.07034796681455
CYP1B1,1.070327859450542
ZNF724,-1.069540933253077
NUTF2,1.069398125488348
ENSG00000267383,-1.0693480466907348
SMPX,1.0693246336937228
ENSG00000229618,-1.069133991687861
VDAC1P2,1.068838876327998
MIX23P3,1.0687127500840143
MKRN3,-1.0684797378827666
DGCR6L,1.0683699144867642
SNX12,1.0683371297631536
TF,-1.0683060133909088
NABP2,1.0681839929129593
COX7A1,1.068173670150529
ATP5MC1,1.06810506798321
KLKB1,-1.0676109061546777
SEC24AP1,-1.0673992852855865
IFITM1,1.0673495306299534
RGCC,1.0673388382849314
SURF4,1.0671632796398087
SERPINA3,1.067114195858537
ENSG00000268947,-1.0671141958585368
ENSG00000252192,-1.0671141958585368
SYNM-AS1,-1.0671141958585368
F11,-1.0671141958585368
LINC00504,-1.0671141958585368
MIR9-2HG,-1.0671141958585368
MRPS16,1.0664885239842323
C1orf54,1.066427361738976
POMC,1.0663873973339018
ATP5F1B,1.066379690440619
ODF2L,-1.0661267689592888
ACTG1P14,-1.0660891904577725
RPL7AP60,-1.0660891904577725
BUB1,1.06599755877424
ORMDL2,1.065676174268369
SPSB2,1.0655883416275769
MRPL30P1,1.0655883416275769
SMIM15-AS1,-1.0652914602517192
ENSG00000236095,-1.0652914602517192
MCF2L2,-1.0649554418407698
ENSG00000272518,-1.064851144349968
KCNK5,-1.0646529583422537
ATP6V1G1,1.0642136916513594
GOLGA8H,-1.0641303374197155
PIGH,1.0641303374197155
UNC13A,-1.0641303374197155
IFNGR2,1.064088435761564
PFKP,1.0639398760612528
ENSG00000278983,-1.0639030518673136
ACTR1A,1.0638624821914366
ATP5PO,1.0638073339389331
RBX1,1.0633398737106652
NDUFA3,1.0632648934580164
RPS19BP1,1.0632434134344786
KIF4A,1.0630097975258006
SPCS1,1.0628244683405124
NDUFAF3,1.0621977524268027
MLLT11,1.0621046689483238
ENSG00000262180,-1.061639065792386
TNNI3,1.0615641013136905
PPP2R2C,-1.0615546705166363
TMEM223,1.061494028872236
TLE5,1.0614335297237816
BTF3P12,1.0614005446641432
SNHG19,1.0614005446641432
CLNS1AP1,1.0614005446641432
PIGHP1,1.0614005446641432
LST1,1.0614005446641432
NQO2-AS1,1.0614005446641432
RRM2P3,-1.0612001564367377
TDRD6,-1.061140294813904
TTTY14,1.0610204379458628
MAPKAPK3,1.0608084047535984
SNORD94,1.0607540310790962
LAIR1,1.0607540310790962
ARPC3,1.0605569455517785
NPM1P39,1.0603005102678142
FAM229B,1.0602934501558907
TRIM52-AS1,1.060120992437571
NRIP3,1.0600073093642772
KRT8,1.0599024424086851
RALYL,-1.0598093952353034
NIPSNAP1,1.0596988919452328
TINF2,1.059482791991379
CDH23,-1.0593048499476891
ZBTB22,1.0590502399778057
RAB5C,1.0589587471149935
ENSG00000267707,-1.0588936890535685
HOXC6,-1.0588936890535685
FMNL1-DT,-1.0588936890535685
PLXNB3,-1.0588936890535685
RN7SL615P,-1.0588936890535685
DNAI3,-1.0588936890535685
TDRD12,-1.0588936890535685
PAPPA-AS1,-1.0588936890535685
SNORD91B,-1.0588936890535685
KCNC1,-1.0588936890535685
ENSG00000273258,-1.0588936890535685
ENSG00000262514,-1.0588936890535685
ENSG00000274080,-1.0588936890535685
LPAR4,-1.0588936890535685
NGF,1.0587525872840895
JAGN1,1.0583783487941545
RPS27L,1.0583069380193515
NMB,1.0582146139452957
RPL23AP32,-1.058198246745145
MMADHC,1.0581899573003208
GPNMB,1.0581734101071614
ANXA2,1.0581482139279108
MDH1,1.0579798905512854
TMEM70,1.057963981329325
ILRUN-AS1,1.0579473492092797
UQCC4,1.0579328039330482
UBL4A,1.0577027189389523
C1QL1,-1.0572439518344756
LINGO1,-1.0570309450363788
PET100,1.0569082220133552
SNHG25,1.0565835283663676
TNFSF18,1.0565835283663676
SNU13,1.056547752119552
MS4A4A,1.0563169162958006
PZP,-1.0560528052195028
ADI1,1.0559335537785357
RRS1-DT,-1.0558532347335174
SDHD,1.055806004746961
ZSWIM9,-1.055392000342016
FAM89B,1.0551685909526287
HIGD1A,1.0551026250368871
GTF3A,1.0546565401304742
CCNA1,1.0544477840223765
ARHGAP39,-1.0544477840223765
FOLR2,1.054345221548307
RPS24,1.0543282418222923
RBFADN,-1.0542070740792318
TSTD1,1.0541810381510628
CCT2,1.0538753476397464
PGAM2,1.0537183356915685
COA4,1.0536414938091978
ENSG00000213279,-1.0536379636020732
NOX5,-1.0536379636020732
DRAP1,1.0536237214155502
ENSG00000261549,1.053619838495556
TMEM101,1.0535810402048442
CYP39A1,1.0535254710738238
HSPA8,1.053320111131297
ENSG00000279289,-1.0532166772679687
GPX7,1.053180037859175
ENSG00000183308,-1.0531113364595623
RSL24D1P1,1.0529488799489588
UBQLN3,-1.0524674198941353
ENSG00000251399,-1.0524674198941353
ZNF603P,-1.0524674198941353
HCAR1,-1.0524674198941353
TIMM17B,1.0522412176890454
CEP290,-1.0521771728930165
CCNB1IP1,1.0519893140747016
TMEM183A,1.0517303316444575
CIAPIN1,1.0512774550064472
ENSG00000283563,-1.050911953392094
PRSS23,1.0507100195052024
ENSG00000273058,-1.050626073069968
ENSG00000239300,-1.050626073069968
TFAP2A,-1.050626073069968
ENSG00000268583,-1.050626073069968
ENSG00000272905,-1.050626073069968
SNORD66,-1.050626073069968
SLC4A9,-1.050626073069968
NGEF,-1.050626073069968
NHS,-1.0502114459537677
LOC730098,1.0501857571682165
TMEM176B,1.050171680927349
PRR12,-1.0499986950084348
TM9SF5P,-1.0497530351970996
ENSG00000279518,-1.0495201358437989
RITA1,1.0493804795715291
COX17,1.0492022660749896
ZNF32,1.049143453063359
RNF7,1.04905380509308
LINC01783,1.0489096004809462
SLC35B1,1.0488854628348072
FDFT1,1.0487982402973333
PTMA,1.0487060073238634
CD1D,1.048684513493847
RPL13AP5,1.048363021561399
MAD2L2,1.0481365210442704
SLC30A3,1.0480542355902458
SLC25A4,1.0480400723973555
IQCK-AS1,1.047934477063702
WDR45,1.0477299271421698
B4GALT2,1.0475221569122692
RPS3AP37,-1.0473057147783569
EPS8L1,-1.0473057147783569
ENSG00000285650,-1.0473057147783569
ENSG00000262528,-1.0473057147783564
ANKK1,-1.0473057147783564
RNA5SP111,-1.0473057147783564
HSPB1P1,-1.0473057147783564
CREB3L4,1.046632858755061
PHB1P11,1.04654258593703
DCAF11,1.0464349714945491
CA3,1.046269508568592
RPA4,-1.046012397756836
RPL17P19,-1.046012397756836
MAOA,1.0459804193812643
GMFG,1.045867008757329
ISCU,1.0454683637421969
FUNDC2P2,1.0454429707611672
IFT22,1.0454429707611672
NUDT16L1,1.045363998414066
RACGAP1,1.0453239905094902
PEX19,1.0452983469285675
SDHB,1.0450414401317023
ENSG00000279311,-1.044787921746838
CR1,1.0445999980660292
HYAL2,1.0444447766748053
ENSG00000233170,1.0443941193584534
LOC101929577,-1.0443941193584534
ATP1B3P1,1.0443941193584534
ENSG00000267074,-1.0443941193584534
EIF4A2P4,-1.0443941193584534
ZC3H12D,1.0443941193584534
ANXA6,1.0442414720617634
ITGA7,1.0442413195087756
HRC,1.0441756340291448
RAD23BP1,1.0441032827400127
ATP5MGL,1.044081068464117
ENSG00000279744,-1.0438542895894276
JAK3,1.0436612287961398
GUCD1,1.0435686372503976
MRPL57,1.0432570580126688
KGD4,1.0426637775939207
ENSG00000253372,-1.0424137552302126
PIK3R3,1.0423422088484586
RPS7P11,1.0421254756726763
TLE1P1,1.0420640595665438
SNORA28,1.0418201756946268
ENSG00000227934,1.041519269438267
LOC100422382,-1.0414766359761591
UBE2E1,1.0414577158640002
CD9,1.0409904788926962
MRPS17,1.040725937771593
TPTE2P3,1.040641984497346
CD2BP2,1.04048644624687
EXOC3L4,-1.0395283641866375
HRH4,-1.0395283641866375
ENSG00000250195,-1.0395283641866375
KLK10,-1.0395283641866375
BICRA-AS2,-1.0395283641866375
PCDHA3,-1.0395283641866373
ASMTL-AS1,-1.0395283641866373
ENSG00000270557,-1.0395283641866373
LOC102723544,-1.0395283641866373
RTEL1P1,-1.0395283641866373
ASH1L-IT1,-1.0395283641866373
ZCCHC18,-1.0395283641866373
ALOX5AP,1.0392213097977183
ZNF117,-1.0389590291197028
BAD,1.0388967804878608
MRPL41,1.0388133230427807
CLEC3B,1.0387584099704037
ENSG00000278896,-1.0382700169277173
AKR1A1,1.03821932223049
NCAM1,1.0380443505295986
TSPAN33,1.0379821308442194
CKS2,1.0378433511446723
DET1,-1.0378320735257387
MTCH2,1.0377528153069242
MSN,1.0376670372217045
LAMB2,1.03752141196126
DNAH10,-1.0374747054186628
IGHV1-3,1.0374747054186626
TNFRSF25,-1.037152998417466
RNU1-34P,-1.036525876025114
RPS3,1.036365932725981
MORN2,1.036069254707522
HEPH,1.0356776303853752
RPS3AP22,-1.0356239097307214
ENSG00000262038,-1.0356239097307214
ENSG00000284747,-1.0356239097307214
ENSG00000259735,-1.0356239097307214
ENSG00000280128,-1.0354646806548036
RPL34P26,1.03527547474753
MYOZ3,1.0350064498279132
DPCD,1.0349886131240005
PIGT,1.034859505945031
CDKN2AIPNLP2,1.034765418160677
HDAC1P1,-1.0346461428068912
RHOA,1.0345986615239668
IMPDH2,1.0342143138133568
TRIB3,1.034061836073633
NDUFB10,1.034018632619301
ZFAS1,1.0340088921648989
SLC2A3P4,-1.0339473319233377
ENSG00000238061,-1.0339473319233377
ENSG00000271401,-1.0339473319233377
CGREF1,1.0339473319233374
DIPK1C,1.0337384061643682
FXYD6,1.0336976964069955
ZNF865,-1.0331337438341663
AIP,1.0330627365711589
SLC35B2,1.0330534436220182
ENSG00000271590,-1.033015057227963
RPS23,1.0329356110966337
GAMT,1.0328419046342685
TMX2,1.032661706656531
NAV2-AS2,1.0325259035214476
DBIL5P2,-1.0324214776923777
LOC729732,-1.0324214776923777
MIR1244-2,1.0324214776923777
IL6-AS1,1.0324214776923777
HM13-AS1,1.0324214776923777
CDCP1,1.031990114244437
PTPRZ1,-1.0317088597273385
ENSG00000278716,-1.031708859727338
ZNF503-AS1,-1.031708859727338
ENSG00000280152,-1.031708859727338
GJA5,1.0315948458725277
UQCRB,1.0314141637107646
DOLK,1.0310746329943823
LINC02248,-1.030837403922593
H3C11,1.030373649043519
MT1F,1.030373649043519
TMEM219,1.0301694796386134
B9D2,1.029901485713862
NPM3,1.0298088092160536
CYC1,1.0297504260790566
ENSG00000279114,-1.0297473433940525
GNS,1.029664437846445
PCOTH,1.029443777892482
SINHCAFP2,1.029443777892482
EEF1A2,1.0292443275081058
POP5,1.02901737081334
ETV5,1.0288079628642772
LAMTOR5,1.02850402070804
MRPS18B,1.028081050089493
EIF3K,1.0280660577992535
PINK1,1.0279581160532671
ENSG00000261211,-1.027783156513538
EBP,1.0277620304229145
ENSG00000239467,-1.027480736422107
MUC19,-1.027480736422107
TWF1P2,-1.027480736422107
ALDOAP2,1.0272729301501036
KLF8,-1.027255008472577
SLC25A3,1.0269816211390468
ZNF516-DT,1.0269670476002697
PDCD4-AS1,1.0269670476002697
CENPB,1.0268619523504767
KRT18P31,-1.0267669095627856
SZRD1,1.0266225234097628
PDCD1,1.0265942100117134
DRG1,1.0265844521055574
ENSG00000229587,-1.0264722113611913
ENSG00000226268,1.0264722113611913
LINC02208,-1.0264220559598791
IGBP1,1.0263086334833167
MZT2B,1.0262656546938056
OSER1,1.0261681002631398
ANAPC11,1.0260318544564866
ZNF534,-1.025901863442757
VDAC2P5,1.025671407602197
MRPS7,1.0256479967120542
ENSG00000256973,-1.0255350921071376
CHP1,1.0252824444259647
ENSG00000254330,-1.0250909809628304
CDC26P1,1.0247831009298878
UFC1,1.0247187395361306
PEBP1P2,1.0246094673440014
FUNDC2,1.0243013617007184
KRT8P45,1.0242475462466776
RPL31P27,-1.023846741954368
SMARCA5-AS1,-1.023846741954368
RPL34P11,-1.023846741954368
ENSG00000254533,-1.0238467419543675
ST6GALNAC5,-1.0238467419543675
POLR3DP1,-1.0238467419543675
ENSG00000258377,-1.0238467419543675
GNG5,1.0234416463797724
HSPB8,1.023430957532894
ENSG00000274642,1.0231630326193173
TAGLN3,1.0230836131130416
POLE4,1.0226241494385842
RPL21P28,1.0225425686510885
MIR646HG,-1.022278672490202
TPSD1,1.0220263063299992
MYL1,1.0220263063299992
COMMD3,1.0220263063299988
FKBP1A,1.021676816250555
FKBP1AP1,1.0210616155278298
ATP6V1F,1.0209179064888734
DONSONP1,-1.0207585601667972
P4HB,1.0206613672131837
IL1RN,1.020610279675286
ERH,1.0205355520833626
ORMDL3,1.0205223238733452
KCTD9P1,-1.0203814999980207
ARF5,1.0203599440313786
RPUSD2,1.020272395026261
RBMX2P5,1.0201778819376306
IL22RA1,1.0201778819376306
CERS2-AS1,-1.0198995574377048
CTBP1-AS,-1.0198995574377048
FCF1P1,-1.0198995574377048
LINC01778,-1.0198995574377048
LOC107986178,-1.0198995574377048
ERICH2-DT,-1.0198995574377048
MIR4506,-1.0198995574377048
EEF1B2P6,1.019365324866931
RHEBP2,1.019365324866931
CCDC191,-1.0190583358156846
PLEKHB2,1.0189107681746938
CCN4,1.01888989397092
LINC00562,-1.0188590272513158
ATP5MC2P1,1.0186156781673468
HMGB3P9,-1.0183785293148546
CFB,-1.0183785293148546
ERG28,1.0182391182850423
FKBP10,1.018197419548579
YWHAH,1.0180651532975726
ENSG00000279633,-1.0179219079972626
TTC23L-AS1,1.0179219079972623
RAB1C,1.0174874267288412
CDKN2D,1.0174571970765465
CD53,1.0174253029182443
ARL2BP,1.0173960512983942
ENSG00000273691,-1.0170735133589417
ENSG00000253623,-1.0170735133589417
FRG1FP,-1.0170735133589417
ENSG00000254821,-1.0170735133589417
RPL23AP35,-1.0170735133589417
P2RY4,-1.0170735133589417
SLC8A2,-1.0170735133589417
COBLP1,1.0169730786037137
STX18P1,1.0169730786037137
MRPL17,1.0167902518914762
CD163,1.0167389467946004
NBPF20,-1.0166019673371298
LSM1,1.016557841536999
PSMA1,1.0165015937707291
ISG20L2P2,-1.0163758289538447
COPE,1.0162238022477623
TUFM,1.01622060895863
NOSIP,1.0159463061896856
BUD13P1,-1.0159415438690216
LVRN,-1.0155968550510186
HS6ST1,1.0155564914770945
TMEM97,1.0151068923902085
ENSG00000272800,-1.0149503414659713
TXNIP,1.0146637428963337
ENSG00000283236,-1.0146467759644011
ZNHIT3,1.014522923533464
TPM1,1.0145159409547924
ENSG00000270130,-1.014499569695115
GSN,1.0142772641362692
CYB5R1,1.014218892388916
YWHAQP4,1.0142138592197003
RPS15AP40,1.0142138592197003
PSMC3,1.013910740184887
SRP14,1.0138892568916609
RNF14P4,1.0138057995250305
YBX1,1.013750044703284
VAMP8,1.0133275316469923
CDIPT,1.0133077738662173
ENSG00000277999,-1.013296822613458
ENSG00000261438,-1.013296822613458
RAMAC,1.0132968226134578
YWHAEP1,1.0132968226134578
FAR1-IT1,-1.0132968226134575
ENSG00000255508,-1.0132968226134575
LINC01762,-1.0132968226134575
DGCR6,1.0132454207877892
PRMT5,1.012859371622295
HCG23,-1.0126000367796335
SNORA22,1.0124909441831969
CDC6,1.0123837244558322
SV2B,1.012072832300575
NAPA-AS1,1.012072832300575
STAT3,1.0120528944203948
ENSG00000198106,-1.011972641666076
APC2,-1.011972641666076
UBE2V1P2,1.011923167375819
MPC2,1.0117819767998986
MYL12A,1.0116633543832696
FADS2,1.0115300916680952
SLAMF1,1.0114956388378291
HNRNPCP6,-1.0114047632722496
COL6A3,1.0112701877469048
LINC01697,-1.0112272554232542
KLHL41,1.01122468623133
POU5F2,-1.011042170791585
LARP6,1.0109285504894656
ENSG00000254731,-1.0108883161427362
SCG2,-1.0108883161427362
SLC29A1,1.0107221359207192
MTFR1L,1.0105508679693762
DCAF12,1.0101566150361712
TSC22D3,1.0100688358361876
NSMCE1-DT,-1.009984088572622
LOC124900638,-1.009984088572622
ZNRF2P2,-1.009586048829198
RPP25L,1.009567884700034
EMP3,1.0092421523048485
SCARNA22,1.0092185300293786
ENSG00000213514,1.008933124770008
HAVCR2,1.0088103787758989
PCBD1,1.0087027562399806
FLVCR2,1.008208813275533
IDH2,1.0077393171002875
SNHG32,1.0076292882231626
C1orf122,1.0076051575211684
CSDC2,1.0075642534839182
MGST2,1.007203792778839
MRPS21,1.0071801536662566
TMEM126A,1.007132722307095
C1QBP,1.0065706582724616
ADAM20,-1.006542845866772
MIR17HG,1.0062589904716823
ENSG00000230626,1.00602378762777
RAC1P2,1.0058885593624591
CROCC,-1.00588135768001
ATP6V1E1,1.0058592834807307
EEF1D,1.005840564703102
ENSG00000267682,-1.005454430092108
HTR2B,1.0052942996695131
ENSG00000214067,-1.0052177092710193
RNASEH2C,1.0050419893891385
TRIR,1.0049776761543852
OVAAL,1.0049662528933492
NDN,1.0049628361319518
POP4,1.0046806250906797
ENSG00000267279,1.0046538590062166
LSM2,1.0046314487316457
ENSG00000230092,1.0045872694956517
IDH3B,1.0044327700984428
ING4,1.0042245858617254
EEF1AKMT1,1.0039471845166628
HIGD1AP1,1.003893916104491
CNBP,1.0038520934811077
LOC107986448,-1.0033357125632565
COMMD7,1.0030056157556195
POMP,1.002318327737973
PHACTR3,1.0022384721959994
DYNLT1,1.0019031125507702
DDB1,1.0018858145110403
BEX3,1.0018737407970426
C1R,1.0015715633807745
NELFE,1.0015362529839338
MLEC,1.0012346556516392
COMMD1,1.0010619765226594
MRPL18,1.0010141969070672
TMT1A,1.00072881791946
BRK1,1.0004140915760027
ENSG00000260645,-1.0
VAX2,-1.0
ENSG00000272799,1.0
ENSG00000254691,-1.0
ABCC6P2,1.0
SCG5,1.0
IGKV1-5,1.0
MPHOSPH10P1,-1.0
ELF2P1,-1.0
RN7SL452P,-1.0
HPSE2,-1.0
PIGUP1,1.0
CADM3-AS1,-1.0
ENSG00000270016,-1.0
ENSG00000277450,-1.0
BHLHE22,-1.0
POLD4,1.0
KRT18P59,-1.0
BAGE2,-1.0
ENSG00000277806,-1.0
ATP13A4,-1.0
RUFY4,-1.0
C6orf52,1.0
KRT8P39,-1.0
RPL23P3,-1.0
RPS2P49,-1.0
IGHV4-59,1.0
ENSG00000284773,-1.0
PRKG2,-1.0
TTC14-DT,-1.0
ENSG00000264596,-1.0
KIF20A,1.0
CDV3P1,1.0
ENSG00000243243,-1.0
CCDC90B-AS1,-1.0
ENSG00000263338,-1.0
HTRA2,1.0
ENSG00000280439,1.0
CACNA1D,-1.0
SELP,1.0
SOX10,-1.0
PPP1R2P1,1.0
NKD2,1.0
ENSG00000259668,-1.0
PDLIM1P1,1.0
CRYBB1,1.0
HNRNPH1P1,-1.0
BOLA1,1.0
MRPL48P1,1.0
ELOBP2,1.0
LINC01277,-1.0
ENSG00000234203,-1.0
LOC100132686,-1.0
MRPL37P1,-1.0
ANP32CP,1.0
PPIAP41,-1.0
HMGB1P21,-1.0
NFYCP2,1.0
KNDC1,-1.0
HBG2,1.0
LRRD1,-1.0
ENSG00000272574,-1.0
SPOCK3,-1.0
