compound_chembl_id,compound_name,canonical_smiles,gene_symbol,tissue,is_approved_drug,pchembl_value,X,Y,Z,ecfp4_pca_0,ecfp4_pca_1,ecfp4_pca_2,ecfp4_pca_3,ecfp4_pca_4,ecfp4_pca_5,ecfp4_pca_6,ecfp4_pca_7,ecfp4_pca_8,ecfp4_pca_9,ecfp4_pca_10,ecfp4_pca_11,ecfp4_pca_12,ecfp4_pca_13,ecfp4_pca_14,ecfp4_pca_15,ecfp4_pca_16,ecfp4_pca_17,ecfp4_pca_18,ecfp4_pca_19,ecfp4_pca_20,ecfp4_pca_21,ecfp4_pca_22,ecfp4_pca_23,ecfp4_pca_24,ecfp4_pca_25,ecfp4_pca_26,ecfp4_pca_27,ecfp4_pca_28,ecfp4_pca_29,ecfp4_pca_30,ecfp4_pca_31,ecfp4_pca_32,ecfp4_pca_33,ecfp4_pca_34,ecfp4_pca_35,ecfp4_pca_36,ecfp4_pca_37,ecfp4_pca_38,ecfp4_pca_39,ecfp4_pca_40,ecfp4_pca_41,ecfp4_pca_42,ecfp4_pca_43,ecfp4_pca_44,ecfp4_pca_45,ecfp4_pca_46,ecfp4_pca_47,ecfp4_pca_48,ecfp4_pca_49,ecfp4_pca_50,ecfp4_pca_51,ecfp4_pca_52,ecfp4_pca_53,ecfp4_pca_54,ecfp4_pca_55,ecfp4_pca_56,ecfp4_pca_57,ecfp4_pca_58,ecfp4_pca_59,ecfp4_pca_60,ecfp4_pca_61,ecfp4_pca_62,ecfp4_pca_63,mol_weight,logp,tpsa,hbd,hba,num_rota,qed,go_pca_0,go_pca_1,go_pca_2,go_pca_3,go_pca_4,go_pca_5,go_pca_6,go_pca_7,go_pca_8,go_pca_9,go_pca_10,go_pca_11,go_pca_12,go_pca_13,go_pca_14,go_pca_15,go_pca_16,go_pca_17,go_pca_18,go_pca_19,go_pca_20,go_pca_21,go_pca_22,go_pca_23,go_pca_24,go_pca_25,go_pca_26,go_pca_27,go_pca_28,go_pca_29,go_pca_30,go_pca_31,heart_tpm,pv_disease_log2fc,rv_disease_log2fc,pv_intervention_potential,rv_specific_effect_prob
CHEMBL333343,,c1ccc2c(c1)CNCCS2,RYR2,heart,0,7.0,-0.3158566631159079,-2.111323,0.9030517892130238,-0.3158601,-0.81854963,-0.38262177,0.60268605,-1.022701,-0.37241077,-0.04299125,-0.6507963,-0.79372567,0.19112512,-0.8078138,-0.67011225,0.084422015,-1.0754777,0.36323893,-0.25173378,0.41269583,0.45126185,-0.034710057,0.006900819,-0.3750573,0.118256144,-0.18455079,0.2051669,0.8179117,0.43468383,-0.24276982,0.13134511,-0.4561253,-0.20664038,0.22322348,-0.17452742,-0.037220262,1.0025799,-0.588176,0.0059439065,-0.7814261,-0.00031402247,-0.16658352,-0.08426732,-0.25866964,-0.034211062,-0.014844051,-0.3607071,0.033032432,-0.058665525,-0.6251861,0.12668334,0.48990488,-0.59170234,-0.11157982,0.21197374,-0.29327273,0.13940428,0.0005295243,-0.26762274,0.34277633,-0.101204,-0.51136583,-0.025548836,0.06657863,-0.3310004,0.23891991,-0.030339131,165.261,1.8819,12.03,1,2,0,0.6296922109301435,-3.1852208653743004,-0.4864347260944444,3.136140956508783,4.626596027094984,0.0051309091917871,-0.1348304488139146,1.8469014102478623e-15,2.9392885995386464e-16,3.9335798186073884e-16,-1.142939516767227e-17,7.174266383013226e-18,-4.1892741924584265e-19,-4.8997061711303205e-20,-1.02214754635707e-17,-6.717236720520143e-18,-2.033469020046646e-17,3.897959064348204e-18,1.2319467513090944e-17,-4.608393442989917e-18,-9.505251796380753e-18,-1.442039318112308e-18,1.3388102862800389e-18,-2.038128501474614e-18,3.901034855648932e-18,-2.443947202963253e-19,-1.39816869869308e-18,-1.0726516062792081e-18,3.0098003030914573e-18,2.209678732530831e-18,-9.963117094100816e-19,2.237928959832956e-18,2.1424542381876002e-18,92.15403402777784,5.5573554,0.0,5.7548203,1.7481024e-07
CHEMBL3916053,,COc1ccc2c(c1)CN(C(=O)CCN1CCCCC1c1nnc(Cc3ccccc3)o1)CCS2,RYR2,heart,0,6.96,-0.8710296711377218,-2.111323,0.9030517892130238,-0.8710336,-1.0900817,-0.76898915,1.7632912,0.33628964,-1.0468042,-0.93864936,-0.6797319,-0.3239335,-0.7188727,-1.0333858,-0.59230924,3.359134,-0.34794253,0.8283875,-0.57957304,0.73583746,-0.47886053,-0.24608816,-0.07384665,-0.7606917,0.3724386,-0.47225428,0.21845596,-0.15389974,-0.0935249,-0.63022745,-0.124562375,0.06328235,0.3318552,0.36953655,0.34131783,0.4698077,-0.056043517,-0.31580973,-0.024633195,-0.08499956,0.5471273,0.28648117,-0.1633295,0.71799797,-0.12703751,0.1322641,-0.44840068,0.09559786,-0.44157553,-0.07861748,0.87731886,-0.017991405,0.22957431,-0.3317128,-0.34704846,-0.22891434,0.38873488,0.42509142,0.32905775,-0.106516525,0.006798772,0.46184483,-0.33326486,0.18563215,0.7508129,0.6308606,-0.06894168,492.6450000000002,4.720600000000005,71.7,0,7,7,0.4725261423349573,-3.1852208653743004,-0.4864347260944444,3.136140956508783,4.626596027094984,0.0051309091917871,-0.1348304488139146,1.8469014102478623e-15,2.9392885995386464e-16,3.9335798186073884e-16,-1.142939516767227e-17,7.174266383013226e-18,-4.1892741924584265e-19,-4.8997061711303205e-20,-1.02214754635707e-17,-6.717236720520143e-18,-2.033469020046646e-17,3.897959064348204e-18,1.2319467513090944e-17,-4.608393442989917e-18,-9.505251796380753e-18,-1.442039318112308e-18,1.3388102862800389e-18,-2.038128501474614e-18,3.901034855648932e-18,-2.443947202963253e-19,-1.39816869869308e-18,-1.0726516062792081e-18,3.0098003030914573e-18,2.209678732530831e-18,-9.963117094100816e-19,2.237928959832956e-18,2.1424542381876002e-18,92.15403402777784,5.5573554,0.0,5.7224274,1.3987075e-07
CHEMBL3925875,,COc1ccc2c(c1)CN(C(=O)CCN1CCCC[C@H]1c1nnc(Cc3ccccc3)o1)CCS2,RYR2,heart,0,7.02,-0.8710296711377218,-2.111323,0.9030517892130238,-0.8710336,-1.0900817,-0.76898915,1.7632912,0.33628964,-1.0468042,-0.93864936,-0.6797319,-0.3239335,-0.7188727,-1.0333858,-0.59230924,3.359134,-0.34794253,0.8283875,-0.57957304,0.73583746,-0.47886053,-0.24608816,-0.07384665,-0.7606917,0.3724386,-0.47225428,0.21845596,-0.15389974,-0.0935249,-0.63022745,-0.124562375,0.06328235,0.3318552,0.36953655,0.34131783,0.4698077,-0.056043517,-0.31580973,-0.024633195,-0.08499956,0.5471273,0.28648117,-0.1633295,0.71799797,-0.12703751,0.1322641,-0.44840068,0.09559786,-0.44157553,-0.07861748,0.87731886,-0.017991405,0.22957431,-0.3317128,-0.34704846,-0.22891434,0.38873488,0.42509142,0.32905775,-0.106516525,0.006798772,0.46184483,-0.33326486,0.18563215,0.7508129,0.6308606,-0.06894168,492.6450000000002,4.720600000000005,71.7,0,7,7,0.4725261423349573,-3.1852208653743004,-0.4864347260944444,3.136140956508783,4.626596027094984,0.0051309091917871,-0.1348304488139146,1.8469014102478623e-15,2.9392885995386464e-16,3.9335798186073884e-16,-1.142939516767227e-17,7.174266383013226e-18,-4.1892741924584265e-19,-4.8997061711303205e-20,-1.02214754635707e-17,-6.717236720520143e-18,-2.033469020046646e-17,3.897959064348204e-18,1.2319467513090944e-17,-4.608393442989917e-18,-9.505251796380753e-18,-1.442039318112308e-18,1.3388102862800389e-18,-2.038128501474614e-18,3.901034855648932e-18,-2.443947202963253e-19,-1.39816869869308e-18,-1.0726516062792081e-18,3.0098003030914573e-18,2.209678732530831e-18,-9.963117094100816e-19,2.237928959832956e-18,2.1424542381876002e-18,92.15403402777784,5.5573554,0.0,5.7224274,1.3987075e-07
CHEMBL5435124,,COc1ccc2c(c1)CN(CCCCN(CCCCC1(O)CC1)CCCCC1(O)CC1)CCS2,RYR2,heart,0,5.57,-0.2738692261389776,-2.111323,0.9030517892130238,-0.27387106,-1.5009146,-0.7003606,1.838231,0.16400504,-1.3933992,-0.27844286,-0.71618336,-0.9646057,-1.5538764,-1.2358639,-0.20363182,1.822878,0.12050128,1.4663466,-0.39211792,0.3743632,-0.041470986,0.27574465,0.042160146,-0.13370652,-0.13090947,-0.11395709,0.25051177,0.0001778292,0.1647882,-0.008278416,-0.047861435,0.39265165,-0.30420944,0.1676839,-0.1479082,0.38769144,0.6345402,-0.16734974,0.08805608,-0.29797176,-0.30026293,-0.38421878,0.548114,-0.17553957,0.22711332,-0.723879,0.059755314,-0.08283629,0.3566412,-0.07648219,-0.61291945,-0.049785078,-0.044835486,0.44502735,-0.27744225,-0.15132645,-0.46244237,-0.34639466,-0.6937298,0.07983744,0.017713346,-0.05819195,-0.38105112,0.17607293,0.24861787,-0.18659252,0.28494433,490.7540000000004,5.075500000000006,56.17,2,6,16,0.3154423837371804,-3.1852208653743004,-0.4864347260944444,3.136140956508783,4.626596027094984,0.0051309091917871,-0.1348304488139146,1.8469014102478623e-15,2.9392885995386464e-16,3.9335798186073884e-16,-1.142939516767227e-17,7.174266383013226e-18,-4.1892741924584265e-19,-4.8997061711303205e-20,-1.02214754635707e-17,-6.717236720520143e-18,-2.033469020046646e-17,3.897959064348204e-18,1.2319467513090944e-17,-4.608393442989917e-18,-9.505251796380753e-18,-1.442039318112308e-18,1.3388102862800389e-18,-2.038128501474614e-18,3.901034855648932e-18,-2.443947202963253e-19,-1.39816869869308e-18,-1.0726516062792081e-18,3.0098003030914573e-18,2.209678732530831e-18,-9.963117094100816e-19,2.237928959832956e-18,2.1424542381876002e-18,92.15403402777784,5.5573554,0.0,5.693911,3.8148647e-07
CHEMBL3963470,,O=C(N1CCCCC1)N1CCSc2ccccc2C1,RYR2,heart,0,6.87,-0.5049122907946557,-2.111323,0.9030517892130238,-0.504916,-1.047245,-0.61451125,0.89066994,-0.40740728,-0.6797388,-0.8613955,-1.2023385,-0.88879955,0.10771877,-0.71281344,-1.2261767,1.2728484,-0.556279,0.07351894,-0.4656583,0.59595144,-0.21679622,-0.12280173,-0.042745423,-0.8975912,-0.4724683,-0.4201798,0.4179163,0.2062055,0.022638682,-0.3507248,0.5058528,-0.3394465,-0.18840633,-0.21390893,0.008883264,-0.05886582,0.50682837,-0.31834736,-0.026025945,-0.8460089,0.22073886,-0.21061867,-0.80150056,-0.01866073,0.13697693,0.24683267,-0.22228377,-0.2780373,-0.6772199,-0.6371277,-0.34936672,0.43669972,-0.6960497,-0.47521418,0.60125107,-0.18898001,0.40011844,-0.092616566,-0.038985353,0.2558697,0.032806642,-0.0964838,-0.18622655,0.0147837475,-0.24427943,0.19695048,0.092953645,276.4050000000001,3.200200000000001,23.550000000000004,0,2,0,0.72626141963714,-3.1852208653743004,-0.4864347260944444,3.136140956508783,4.626596027094984,0.0051309091917871,-0.1348304488139146,1.8469014102478623e-15,2.9392885995386464e-16,3.9335798186073884e-16,-1.142939516767227e-17,7.174266383013226e-18,-4.1892741924584265e-19,-4.8997061711303205e-20,-1.02214754635707e-17,-6.717236720520143e-18,-2.033469020046646e-17,3.897959064348204e-18,1.2319467513090944e-17,-4.608393442989917e-18,-9.505251796380753e-18,-1.442039318112308e-18,1.3388102862800389e-18,-2.038128501474614e-18,3.901034855648932e-18,-2.443947202963253e-19,-1.39816869869308e-18,-1.0726516062792081e-18,3.0098003030914573e-18,2.209678732530831e-18,-9.963117094100816e-19,2.237928959832956e-18,2.1424542381876002e-18,92.15403402777784,5.5573554,0.0,5.6903,3.1996396e-07
CHEMBL3933756,,COc1ccc2c(c1)CN(C(=S)Nc1ccccc1)CCS2,RYR2,heart,0,6.71,-0.3697376914264758,-2.111323,0.9030517892130238,-0.36974177,-1.1889107,-0.8051688,1.6050181,0.08859493,-1.2829958,-0.09296236,-1.1699309,-0.4853794,-0.7988188,-0.91395146,-1.3015025,2.6549761,-0.6120977,0.870954,-0.0063775107,0.28053847,0.54718995,-0.21071547,-0.58054394,-0.99268883,-0.07972932,0.19855829,0.16374983,0.09576038,-0.26345143,-0.038706884,0.049693033,-0.19792566,0.10609143,-0.10402238,-0.15444769,0.103697546,0.07048812,-0.25879955,-0.07222497,-0.31689632,-0.09474114,-0.024611473,0.39090917,-0.15946078,-0.08791253,-0.58439165,0.01604064,0.052382868,-0.14677013,0.16812888,0.39013985,0.65220726,-0.121605024,-0.008627625,-0.051835634,-0.09780221,-0.059772756,-0.13702266,-0.041220423,-0.02397775,-0.06127951,-0.14630574,0.17052881,0.051273298,-0.23234108,0.37678167,0.24060313,330.4780000000001,3.999900000000003,24.5,1,3,2,0.8392072554009007,-3.1852208653743004,-0.4864347260944444,3.136140956508783,4.626596027094984,0.0051309091917871,-0.1348304488139146,1.8469014102478623e-15,2.9392885995386464e-16,3.9335798186073884e-16,-1.142939516767227e-17,7.174266383013226e-18,-4.1892741924584265e-19,-4.8997061711303205e-20,-1.02214754635707e-17,-6.717236720520143e-18,-2.033469020046646e-17,3.897959064348204e-18,1.2319467513090944e-17,-4.608393442989917e-18,-9.505251796380753e-18,-1.442039318112308e-18,1.3388102862800389e-18,-2.038128501474614e-18,3.901034855648932e-18,-2.443947202963253e-19,-1.39816869869308e-18,-1.0726516062792081e-18,3.0098003030914573e-18,2.209678732530831e-18,-9.963117094100816e-19,2.237928959832956e-18,2.1424542381876002e-18,92.15403402777784,5.5573554,0.0,5.6898446,2.0228431e-07
CHEMBL5409619,,COc1ccc(SCCCN(CCCCC2(O)CC2)CCCCC2(O)CC2)cc1,RYR2,heart,0,7.73,-0.6072212336455267,-2.111323,0.9030517892130238,-0.6072223,-1.6048331,-0.22564177,0.53756046,-0.11537636,-1.0401065,0.488875,-0.2448753,-0.6249121,-0.5518961,-0.6706772,0.6049148,0.0907425,0.0052451408,0.90372676,-0.2676386,-0.05484829,0.49151817,0.29735896,-0.17030916,0.3869826,0.24217829,-0.09565055,-0.46851632,0.32404542,0.46374705,0.6007332,-0.37029386,0.36467957,-0.024900133,-0.028132642,0.15462726,0.39654025,-0.025495036,-0.16258901,-0.049887534,0.02922135,-0.2809064,-0.2154236,0.74859726,-0.1465306,0.090273455,-0.7437081,-0.11814869,0.010726276,0.4773521,-0.4101553,-0.9689104,-0.46556225,-0.3269382,0.73550016,-0.41265988,-0.03305034,-0.68266255,-0.53604615,-0.6358949,-0.21260208,-0.17116849,0.18196306,-0.07830533,-0.5264588,-0.21307907,-0.7929679,0.17309518,421.64700000000033,4.869800000000005,52.93000000000001,2,5,16,0.2945565770003013,-3.1852208653743004,-0.4864347260944444,3.136140956508783,4.626596027094984,0.0051309091917871,-0.1348304488139146,1.8469014102478623e-15,2.9392885995386464e-16,3.9335798186073884e-16,-1.142939516767227e-17,7.174266383013226e-18,-4.1892741924584265e-19,-4.8997061711303205e-20,-1.02214754635707e-17,-6.717236720520143e-18,-2.033469020046646e-17,3.897959064348204e-18,1.2319467513090944e-17,-4.608393442989917e-18,-9.505251796380753e-18,-1.442039318112308e-18,1.3388102862800389e-18,-2.038128501474614e-18,3.901034855648932e-18,-2.443947202963253e-19,-1.39816869869308e-18,-1.0726516062792081e-18,3.0098003030914573e-18,2.209678732530831e-18,-9.963117094100816e-19,2.237928959832956e-18,2.1424542381876002e-18,92.15403402777784,5.5573554,0.0,5.6834717,4.5088248e-07
CHEMBL3936508,,COc1ccc2c(c1)CN([P@@](=O)(OC)c1ccccc1)CCS2,RYR2,heart,0,6.76,-0.1877348997235575,-2.111323,0.9030517892130238,-0.18773879,-1.1981127,-0.7399479,1.6120788,0.065797314,-1.160777,-0.05862087,-0.73294616,-0.43395832,-0.8590177,-0.93587846,-1.1959482,2.272673,-0.78625745,0.9032746,0.14957356,0.2743387,0.48821047,-0.21277699,-0.34638613,-0.43291882,-0.086640805,-0.38529277,0.08631561,0.0417072,0.19397214,-0.2555927,-0.11403162,-0.22668469,-0.110305555,0.27778265,-0.097022586,0.17816497,0.36615998,-0.5111937,0.0017947003,-0.41337222,0.021507785,0.36505494,0.28375727,-0.37975135,0.21448177,-0.37539542,0.10553726,-0.0037919232,-0.14672029,0.2101514,0.4960391,0.29889375,-0.16641136,0.17040843,-0.15213096,-0.26565555,-0.33718827,0.0545641,-0.033665854,-0.108445734,0.22264838,0.079869665,-0.26109558,0.20858066,-0.12861636,0.28630906,0.12276567,349.39200000000005,3.767900000000002,38.77,0,4,4,0.7859336673517773,-3.1852208653743004,-0.4864347260944444,3.136140956508783,4.626596027094984,0.0051309091917871,-0.1348304488139146,1.8469014102478623e-15,2.9392885995386464e-16,3.9335798186073884e-16,-1.142939516767227e-17,7.174266383013226e-18,-4.1892741924584265e-19,-4.8997061711303205e-20,-1.02214754635707e-17,-6.717236720520143e-18,-2.033469020046646e-17,3.897959064348204e-18,1.2319467513090944e-17,-4.608393442989917e-18,-9.505251796380753e-18,-1.442039318112308e-18,1.3388102862800389e-18,-2.038128501474614e-18,3.901034855648932e-18,-2.443947202963253e-19,-1.39816869869308e-18,-1.0726516062792081e-18,3.0098003030914573e-18,2.209678732530831e-18,-9.963117094100816e-19,2.237928959832956e-18,2.1424542381876002e-18,92.15403402777784,5.5573554,0.0,5.676748,2.3663645e-07
CHEMBL3895741,,COc1ccc2c(c1)CN([P@](=O)(OC)c1ccccc1)CCS2,RYR2,heart,0,6.74,-0.1877348997235575,-2.111323,0.9030517892130238,-0.18773879,-1.1981127,-0.7399479,1.6120788,0.065797314,-1.160777,-0.05862087,-0.73294616,-0.43395832,-0.8590177,-0.93587846,-1.1959482,2.272673,-0.78625745,0.9032746,0.14957356,0.2743387,0.48821047,-0.21277699,-0.34638613,-0.43291882,-0.086640805,-0.38529277,0.08631561,0.0417072,0.19397214,-0.2555927,-0.11403162,-0.22668469,-0.110305555,0.27778265,-0.097022586,0.17816497,0.36615998,-0.5111937,0.0017947003,-0.41337222,0.021507785,0.36505494,0.28375727,-0.37975135,0.21448177,-0.37539542,0.10553726,-0.0037919232,-0.14672029,0.2101514,0.4960391,0.29889375,-0.16641136,0.17040843,-0.15213096,-0.26565555,-0.33718827,0.0545641,-0.033665854,-0.108445734,0.22264838,0.079869665,-0.26109558,0.20858066,-0.12861636,0.28630906,0.12276567,349.39200000000005,3.767900000000002,38.77,0,4,4,0.7859336673517773,-3.1852208653743004,-0.4864347260944444,3.136140956508783,4.626596027094984,0.0051309091917871,-0.1348304488139146,1.8469014102478623e-15,2.9392885995386464e-16,3.9335798186073884e-16,-1.142939516767227e-17,7.174266383013226e-18,-4.1892741924584265e-19,-4.8997061711303205e-20,-1.02214754635707e-17,-6.717236720520143e-18,-2.033469020046646e-17,3.897959064348204e-18,1.2319467513090944e-17,-4.608393442989917e-18,-9.505251796380753e-18,-1.442039318112308e-18,1.3388102862800389e-18,-2.038128501474614e-18,3.901034855648932e-18,-2.443947202963253e-19,-1.39816869869308e-18,-1.0726516062792081e-18,3.0098003030914573e-18,2.209678732530831e-18,-9.963117094100816e-19,2.237928959832956e-18,2.1424542381876002e-18,92.15403402777784,5.5573554,0.0,5.676748,2.3663645e-07
CHEMBL3933375,,COc1ccc2c(c1)CNCCS2,RYR2,heart,0,7.4,0.0360740513968093,-2.111323,0.9030517892130238,0.03607093,-1.1129457,-0.6219532,1.2730246,0.060058426,-1.30966,0.52990377,-0.36694533,-0.48624972,-1.3812491,-1.2024807,-0.47913623,1.1825563,-1.1018723,0.9152345,-0.04236523,0.33938602,0.3866703,0.05623393,-0.23231699,-0.1161284,0.40183085,0.25421056,-0.03924601,0.775165,0.40933722,-0.13890707,0.11436426,-0.24904794,-0.3158076,0.36466062,-0.109627835,-0.05947295,0.55742073,-0.20107633,0.1905144,-0.33606085,-0.22554491,-0.11951466,0.2745083,-0.027938006,-0.12318531,-0.10010388,-0.007992371,0.30443284,0.13850285,-0.13666345,0.23757781,0.3790012,-0.19366324,0.25995174,-0.106475174,-0.47635564,-0.35726374,0.12700275,-0.013430198,0.0155454725,-0.24718592,-0.204725,-0.015984584,0.12909429,-0.41481397,-0.12659816,-0.08037141,195.287,1.8905,21.26,1,3,1,0.7391196150280245,-3.1852208653743004,-0.4864347260944444,3.136140956508783,4.626596027094984,0.0051309091917871,-0.1348304488139146,1.8469014102478623e-15,2.9392885995386464e-16,3.9335798186073884e-16,-1.142939516767227e-17,7.174266383013226e-18,-4.1892741924584265e-19,-4.8997061711303205e-20,-1.02214754635707e-17,-6.717236720520143e-18,-2.033469020046646e-17,3.897959064348204e-18,1.2319467513090944e-17,-4.608393442989917e-18,-9.505251796380753e-18,-1.442039318112308e-18,1.3388102862800389e-18,-2.038128501474614e-18,3.901034855648932e-18,-2.443947202963253e-19,-1.39816869869308e-18,-1.0726516062792081e-18,3.0098003030914573e-18,2.209678732530831e-18,-9.963117094100816e-19,2.237928959832956e-18,2.1424542381876002e-18,92.15403402777784,5.5573554,0.0,5.675582,1.4965751e-07
CHEMBL5437537,,COc1ccc2c(c1)CN(CCCCNCCCCC1(O)CC1)CCS2,RYR2,heart,0,5.09,-0.3321171045477598,-2.111323,0.9030517892130238,-0.33211893,-1.2084954,-0.7192959,1.7011603,0.4108272,-1.2572236,-0.19015762,-0.8669441,-0.9803657,-1.537255,-1.0931215,-0.32336885,1.9868131,-0.15886034,1.1066232,-0.7397351,0.20529126,0.23017164,0.203676,0.053016152,-0.23428853,-0.071519874,0.25735477,0.06782925,0.09947486,0.21048523,-0.24052066,-0.18684117,0.4547429,-0.3739549,-0.050433625,-0.53631145,0.45406002,0.6651691,0.24427658,0.2816238,-0.57966274,-0.33309254,-0.29682744,0.8512381,-0.26334512,-0.029885326,-0.52154624,0.22954226,-0.41251972,0.44548783,0.00859828,-0.33549732,-0.30657905,0.014952852,0.25078303,-0.21382153,-0.2504942,-0.41900587,-0.24079043,-0.61483985,-0.1729355,0.097392075,-0.1915933,-0.3708718,0.10383062,0.591262,-0.21171047,-0.06925696,378.58200000000016,3.667900000000003,44.73,2,5,11,0.575400253490688,-3.1852208653743004,-0.4864347260944444,3.136140956508783,4.626596027094984,0.0051309091917871,-0.1348304488139146,1.8469014102478623e-15,2.9392885995386464e-16,3.9335798186073884e-16,-1.142939516767227e-17,7.174266383013226e-18,-4.1892741924584265e-19,-4.8997061711303205e-20,-1.02214754635707e-17,-6.717236720520143e-18,-2.033469020046646e-17,3.897959064348204e-18,1.2319467513090944e-17,-4.608393442989917e-18,-9.505251796380753e-18,-1.442039318112308e-18,1.3388102862800389e-18,-2.038128501474614e-18,3.901034855648932e-18,-2.443947202963253e-19,-1.39816869869308e-18,-1.0726516062792081e-18,3.0098003030914573e-18,2.209678732530831e-18,-9.963117094100816e-19,2.237928959832956e-18,2.1424542381876002e-18,92.15403402777784,5.5573554,0.0,5.675322,3.7091627e-07
CHEMBL3958287,,COC(=O)C(=O)N1CCSc2ccccc2C1,RYR2,heart,0,7.6,-0.5609809409493639,-2.111323,0.9030517892130238,-0.5609848,-1.0998567,-0.55981207,0.8514578,0.037055332,-0.9195182,-0.44544455,-0.96434647,-0.49332225,-0.048505895,-0.55438113,-1.2925407,1.7771226,-0.5652146,0.54508895,-0.42671552,0.18423544,0.089866646,-0.031863637,-0.15948127,-0.7427611,-0.06887596,-0.116107784,0.46515793,0.14126813,-0.2197374,-0.2283858,0.31648505,-0.25506932,-0.18534039,-0.4406474,-0.09571985,-0.27603772,0.1427781,-0.39250997,-0.35325804,-0.5929478,0.15550373,-0.32825515,-0.0952644,-0.30106947,-0.19584692,0.09513474,-0.37372845,-0.2835262,-0.2917245,-0.41896638,-0.05671892,0.12042272,-0.700655,-0.32015002,0.689337,-0.02258919,0.29086474,-0.03678141,-0.34728304,0.41296846,-0.0024869407,-0.4647781,-0.04920183,0.27793333,0.13073881,0.41908085,0.16628832,251.307,1.2938999999999998,46.61000000000001,0,4,0,0.5147740810314445,-3.1852208653743004,-0.4864347260944444,3.136140956508783,4.626596027094984,0.0051309091917871,-0.1348304488139146,1.8469014102478623e-15,2.9392885995386464e-16,3.9335798186073884e-16,-1.142939516767227e-17,7.174266383013226e-18,-4.1892741924584265e-19,-4.8997061711303205e-20,-1.02214754635707e-17,-6.717236720520143e-18,-2.033469020046646e-17,3.897959064348204e-18,1.2319467513090944e-17,-4.608393442989917e-18,-9.505251796380753e-18,-1.442039318112308e-18,1.3388102862800389e-18,-2.038128501474614e-18,3.901034855648932e-18,-2.443947202963253e-19,-1.39816869869308e-18,-1.0726516062792081e-18,3.0098003030914573e-18,2.209678732530831e-18,-9.963117094100816e-19,2.237928959832956e-18,2.1424542381876002e-18,92.15403402777784,5.5573554,0.0,5.6661773,2.7302016e-07
CHEMBL2440854,,COc1ccc2c(c1)CN(C)CCS2,RYR2,heart,0,6.72,0.0875882832222851,-2.111323,0.9030517892130238,0.087584965,-1.2258403,-0.9133494,1.8312486,0.109999895,-1.173813,0.1726955,-0.5744421,-0.84427655,-1.5820757,-1.3127843,-0.7688033,1.9533815,-0.85477155,0.7488148,-0.03251882,0.26286545,-0.014315903,0.00057768746,-0.37678,-0.21342096,-0.02111451,-0.035229772,0.18370871,0.3275391,0.15014589,-0.17952403,0.10875489,-0.17153156,-0.1297766,0.31176868,-0.46635032,-0.15540455,0.445535,-0.21171363,0.20109068,-0.138892,-0.042215887,-0.0748327,0.3350158,0.011378204,-0.07776819,-0.18983416,-0.046168435,-0.15474224,-0.016342059,-0.26701218,-0.045763243,0.19674434,0.11656136,0.31290483,-0.1631199,-0.098711066,-0.3361175,0.050709672,-0.2344983,0.101954445,0.1733862,-0.01442625,-0.11609905,0.3016195,0.07056887,0.08209236,0.13229412,209.314,2.2327000000000004,12.47,0,3,1,0.7035277442051324,-3.1852208653743004,-0.4864347260944444,3.136140956508783,4.626596027094984,0.0051309091917871,-0.1348304488139146,1.8469014102478623e-15,2.9392885995386464e-16,3.9335798186073884e-16,-1.142939516767227e-17,7.174266383013226e-18,-4.1892741924584265e-19,-4.8997061711303205e-20,-1.02214754635707e-17,-6.717236720520143e-18,-2.033469020046646e-17,3.897959064348204e-18,1.2319467513090944e-17,-4.608393442989917e-18,-9.505251796380753e-18,-1.442039318112308e-18,1.3388102862800389e-18,-2.038128501474614e-18,3.901034855648932e-18,-2.443947202963253e-19,-1.39816869869308e-18,-1.0726516062792081e-18,3.0098003030914573e-18,2.209678732530831e-18,-9.963117094100816e-19,2.237928959832956e-18,2.1424542381876002e-18,92.15403402777784,5.5573554,0.0,5.6561937,2.476294e-07
CHEMBL3961593,,COc1ccc2c(c1)CN(C(=O)N1CCC(Cc3ccccc3)CC1)CCS2,RYR2,heart,0,6.6,-1.0002092000306804,-2.111323,0.9030517892130238,-1.0002124,-1.07788,-0.5299478,1.7223388,0.33462635,-1.1056494,-1.1179365,-0.7760765,-0.24480319,-0.8377662,-0.800244,-0.90509176,3.2630122,-0.18874615,1.0433514,0.013514541,0.5399193,0.090727076,0.1696009,-0.14860258,-0.7715433,0.04813078,-0.0682503,0.024894906,0.22150435,-0.05561707,-0.44834402,-0.1090012,-0.32591495,-0.04981375,0.25123775,0.19617707,0.24715132,0.33392277,-0.20138608,-0.5352923,-0.2176255,0.045695305,0.5089059,-0.2687895,0.47505626,0.062958814,0.14540723,-0.25408095,0.21672153,0.05029691,0.25238633,0.7996012,0.12861425,0.042071138,-0.24488983,-0.31663477,-0.064358525,-0.08704494,-0.20083925,0.12611404,0.1714243,0.21548839,0.20235634,0.26864997,0.37056088,-0.052781798,0.3952206,0.09518113,396.55600000000015,4.677600000000004,32.78,0,3,3,0.7552988788673685,-3.1852208653743004,-0.4864347260944444,3.136140956508783,4.626596027094984,0.0051309091917871,-0.1348304488139146,1.8469014102478623e-15,2.9392885995386464e-16,3.9335798186073884e-16,-1.142939516767227e-17,7.174266383013226e-18,-4.1892741924584265e-19,-4.8997061711303205e-20,-1.02214754635707e-17,-6.717236720520143e-18,-2.033469020046646e-17,3.897959064348204e-18,1.2319467513090944e-17,-4.608393442989917e-18,-9.505251796380753e-18,-1.442039318112308e-18,1.3388102862800389e-18,-2.038128501474614e-18,3.901034855648932e-18,-2.443947202963253e-19,-1.39816869869308e-18,-1.0726516062792081e-18,3.0098003030914573e-18,2.209678732530831e-18,-9.963117094100816e-19,2.237928959832956e-18,2.1424542381876002e-18,92.15403402777784,5.5573554,0.0,5.65292,1.6613387e-07
CHEMBL3980215,,COc1ccc2c(c1)CN(C(=O)N1CCNCC1)CCS2,RYR2,heart,0,7.36,-0.3039846961127175,-2.111323,0.9030517892130238,-0.30398807,-1.2867543,-0.96219254,1.5532215,0.7402028,-1.7106801,-0.2159328,-0.9367437,-0.3358108,-1.4860363,-1.109494,-0.98172724,2.3489068,-0.6177799,0.84669757,-0.116484605,0.56895876,-0.2116868,-0.035381485,-0.22732775,-0.7396104,0.031447016,0.16657953,0.36511788,0.51012725,0.14112666,-0.24907713,0.51648754,-0.29165867,-0.4841215,-0.05344235,0.08936323,-0.23701969,0.51198256,0.10012341,-0.27757686,-0.39199558,-0.15816182,-0.15866175,-0.17942397,0.066788554,-0.30728903,0.061949145,0.24736077,0.11870253,-0.102128506,-0.01977444,0.12307056,0.20288324,-0.28365272,0.09068476,0.24953397,-0.40392327,0.08338434,0.14585845,0.10370326,0.17325956,-0.14685641,-0.18991219,-0.10350175,0.36128306,-0.5973586,0.0065347482,0.118533865,307.41900000000004,1.6281,44.81,1,4,1,0.856365366247114,-3.1852208653743004,-0.4864347260944444,3.136140956508783,4.626596027094984,0.0051309091917871,-0.1348304488139146,1.8469014102478623e-15,2.9392885995386464e-16,3.9335798186073884e-16,-1.142939516767227e-17,7.174266383013226e-18,-4.1892741924584265e-19,-4.8997061711303205e-20,-1.02214754635707e-17,-6.717236720520143e-18,-2.033469020046646e-17,3.897959064348204e-18,1.2319467513090944e-17,-4.608393442989917e-18,-9.505251796380753e-18,-1.442039318112308e-18,1.3388102862800389e-18,-2.038128501474614e-18,3.901034855648932e-18,-2.443947202963253e-19,-1.39816869869308e-18,-1.0726516062792081e-18,3.0098003030914573e-18,2.209678732530831e-18,-9.963117094100816e-19,2.237928959832956e-18,2.1424542381876002e-18,92.15403402777784,5.5573554,0.0,5.645057,1.3599339e-07
CHEMBL3941132,,COc1ccc2c(c1)CN(S(=O)(=O)CCN1CCC(Cc3ccccc3)CC1)CCS2,RYR2,heart,0,6.82,-0.5736331863403425,-2.111323,0.9030517892130238,-0.5736352,-0.73338145,-0.53563935,2.1785285,-0.058287125,-0.49407914,-1.1776372,-0.33588684,-0.55920935,-1.1998144,-1.0398512,-0.75650704,2.7726684,-0.06236081,1.0039092,0.11536812,0.41898236,0.25687397,-0.07613671,0.056555916,-0.11959603,0.24766889,-0.06884525,0.11747493,0.13061093,-0.08017244,-0.5996253,-0.41320202,0.07161225,0.20993717,0.68461174,-0.2728231,0.39423436,0.6609394,-0.28843486,0.051987607,-0.22720022,-0.09088302,0.64210975,0.23723342,0.14157128,0.2803134,0.049379934,-0.20906353,0.37708244,0.17621021,0.19517781,0.98521066,0.29518527,0.30020744,-0.16089083,-0.6530643,0.16545679,-0.07406474,0.5659279,-0.07176815,-0.04024395,-0.07019428,0.21076366,0.4024616,0.22357783,0.07484092,0.37963867,-0.074751996,460.66500000000025,3.887400000000003,49.85,0,5,7,0.6275128079125568,-3.1852208653743004,-0.4864347260944444,3.136140956508783,4.626596027094984,0.0051309091917871,-0.1348304488139146,1.8469014102478623e-15,2.9392885995386464e-16,3.9335798186073884e-16,-1.142939516767227e-17,7.174266383013226e-18,-4.1892741924584265e-19,-4.8997061711303205e-20,-1.02214754635707e-17,-6.717236720520143e-18,-2.033469020046646e-17,3.897959064348204e-18,1.2319467513090944e-17,-4.608393442989917e-18,-9.505251796380753e-18,-1.442039318112308e-18,1.3388102862800389e-18,-2.038128501474614e-18,3.901034855648932e-18,-2.443947202963253e-19,-1.39816869869308e-18,-1.0726516062792081e-18,3.0098003030914573e-18,2.209678732530831e-18,-9.963117094100816e-19,2.237928959832956e-18,2.1424542381876002e-18,92.15403402777784,5.5573554,0.0,5.6386385,2.479248e-07
CHEMBL3953088,,COc1ccc2c(c1)CN(C(=O)NCc1ccccc1)CCS2,RYR2,heart,0,7.09,-0.7179611849291865,-2.111323,0.9030517892130238,-0.71796435,-1.1629983,-0.6571757,1.4122783,0.2934463,-1.1257993,-0.6161985,-1.4498031,-0.37059173,-0.65255105,-0.48193666,-1.0613718,3.238051,0.00321312,0.9960548,-0.12893611,-0.16775794,0.45481032,0.040228263,0.09295731,-1.1133274,0.19810396,0.43700263,0.0073360372,-0.24059817,0.02385371,-0.47394451,0.15803131,-0.22488904,-0.34075612,0.09439356,0.068367586,0.5222605,0.22969791,-0.26456237,-0.19228895,0.07415033,0.04223067,0.17283013,0.17363408,0.15062796,-0.28086552,-0.04130543,-0.22304945,-0.24690917,-0.13286558,0.4233979,0.5339906,0.4608126,0.01531639,0.13505137,0.47138298,-0.32040244,-0.15337943,-0.3079705,0.022296077,0.21168038,-0.060458086,0.10621565,0.13187842,0.33391982,-0.24222927,0.36512157,0.0382986,328.43700000000007,3.5127000000000024,41.57,1,3,3,0.93726969659784,-3.1852208653743004,-0.4864347260944444,3.136140956508783,4.626596027094984,0.0051309091917871,-0.1348304488139146,1.8469014102478623e-15,2.9392885995386464e-16,3.9335798186073884e-16,-1.142939516767227e-17,7.174266383013226e-18,-4.1892741924584265e-19,-4.8997061711303205e-20,-1.02214754635707e-17,-6.717236720520143e-18,-2.033469020046646e-17,3.897959064348204e-18,1.2319467513090944e-17,-4.608393442989917e-18,-9.505251796380753e-18,-1.442039318112308e-18,1.3388102862800389e-18,-2.038128501474614e-18,3.901034855648932e-18,-2.443947202963253e-19,-1.39816869869308e-18,-1.0726516062792081e-18,3.0098003030914573e-18,2.209678732530831e-18,-9.963117094100816e-19,2.237928959832956e-18,2.1424542381876002e-18,92.15403402777784,5.5573554,0.0,5.6365933,1.0520287e-07
CHEMBL3955655,,O=C(O)C(=O)N1CCSc2ccccc2C1,RYR2,heart,0,7.22,-0.6660738922238523,-2.111323,0.9030517892130238,-0.6660774,-0.9594938,-0.61154604,0.8218705,-0.46069705,-0.68583006,-0.80642444,-1.2517743,-0.842499,0.3079645,-0.5241672,-1.307265,1.3888395,-0.46140465,0.15541881,-0.21867925,0.56643254,-0.03623186,-0.047722507,-0.18290727,-1.0142083,-0.18970917,-0.44382137,0.4885054,0.15363392,-0.0052889204,-0.35382465,0.17063275,-0.6498211,-0.26292473,-0.17433666,0.1955107,-0.19627634,0.5505204,-0.462884,-0.30131483,-0.7363726,0.08321449,-0.18757126,-0.477128,-0.0773518,-0.0036023122,-0.05337428,-0.0626708,-0.28932825,-0.43410835,-0.4183243,-0.062046655,0.21445519,-0.6390369,-0.2988832,0.5085619,0.02620941,0.35054174,0.086978406,-0.26449144,0.4037919,0.017704202,-0.3617634,-0.14952256,0.47039586,-0.10856728,0.46444446,0.2528192,237.28,1.2055,57.61,1,3,0,0.688900234585205,-3.1852208653743004,-0.4864347260944444,3.136140956508783,4.626596027094984,0.0051309091917871,-0.1348304488139146,1.8469014102478623e-15,2.9392885995386464e-16,3.9335798186073884e-16,-1.142939516767227e-17,7.174266383013226e-18,-4.1892741924584265e-19,-4.8997061711303205e-20,-1.02214754635707e-17,-6.717236720520143e-18,-2.033469020046646e-17,3.897959064348204e-18,1.2319467513090944e-17,-4.608393442989917e-18,-9.505251796380753e-18,-1.442039318112308e-18,1.3388102862800389e-18,-2.038128501474614e-18,3.901034855648932e-18,-2.443947202963253e-19,-1.39816869869308e-18,-1.0726516062792081e-18,3.0098003030914573e-18,2.209678732530831e-18,-9.963117094100816e-19,2.237928959832956e-18,2.1424542381876002e-18,92.15403402777784,5.5573554,0.0,5.6196127,4.614419e-07
CHEMBL3899882,,COc1ccc2c(c1)CN(S(=O)(=O)c1ccc(C)cc1)CCS2,RYR2,heart,0,6.68,0.3661572927693485,-2.111323,0.9030517892130238,0.3661548,-0.99533635,-1.1559837,1.5293161,0.30952996,-1.463636,-0.18091147,-0.35301048,-0.49812326,-1.7860025,-0.9946502,-1.1472408,1.8358018,-0.86266774,0.6867293,-0.0046600644,0.13244076,0.11972581,-0.042871322,-0.2369348,-0.32384285,0.022754455,0.16482441,0.04312183,-0.019223021,0.30731443,-0.38013396,-0.038244706,-0.018802686,-0.21921712,0.13843247,-0.610261,-0.14249083,0.09285104,-0.38892576,0.26027986,-0.50026757,-0.15281668,0.32339323,0.10337573,0.014860732,0.18765822,0.38988933,0.38282785,0.59711874,0.39931992,0.084990285,0.010132198,0.5392593,0.01326938,0.335485,-0.07911127,-0.41112995,0.021178337,0.20677932,-0.0030035877,-0.20739567,0.019509505,-0.07578937,-0.22939168,0.30000877,-0.21690269,0.33424348,0.33461893,349.4770000000001,3.300220000000002,46.61,0,4,3,0.8529177940759108,-3.1852208653743004,-0.4864347260944444,3.136140956508783,4.626596027094984,0.0051309091917871,-0.1348304488139146,1.8469014102478623e-15,2.9392885995386464e-16,3.9335798186073884e-16,-1.142939516767227e-17,7.174266383013226e-18,-4.1892741924584265e-19,-4.8997061711303205e-20,-1.02214754635707e-17,-6.717236720520143e-18,-2.033469020046646e-17,3.897959064348204e-18,1.2319467513090944e-17,-4.608393442989917e-18,-9.505251796380753e-18,-1.442039318112308e-18,1.3388102862800389e-18,-2.038128501474614e-18,3.901034855648932e-18,-2.443947202963253e-19,-1.39816869869308e-18,-1.0726516062792081e-18,3.0098003030914573e-18,2.209678732530831e-18,-9.963117094100816e-19,2.237928959832956e-18,2.1424542381876002e-18,92.15403402777784,5.5573554,0.0,5.603888,2.9307327e-07
CHEMBL5413930,,COc1ccc(SCCCNCCCCC2(O)CC2)cc1,RYR2,heart,0,7.99,-0.711366326973071,-2.111323,0.9030517892130238,-0.71136755,-1.2727469,-0.25453407,0.40243703,0.13863853,-0.9016396,0.5811896,-0.3948121,-0.64224154,-0.5405417,-0.5329136,0.48319778,0.24579325,-0.28037438,0.5349824,-0.612673,-0.22330561,0.7608124,0.20366633,-0.18549974,0.26689726,0.2730842,0.27353933,-0.6623269,0.3751402,0.5647014,0.39455497,-0.506692,0.43756574,-0.04104002,-0.27941746,-0.22263056,0.44719148,0.03632777,0.2447047,0.15226154,-0.2571477,-0.35009515,-0.12143372,1.0528727,-0.24590467,-0.16766204,-0.58384436,0.062145732,-0.31160596,0.5685849,-0.25875798,-0.71213645,-0.75454,-0.30587327,0.5264207,-0.3503056,-0.14633688,-0.6782234,-0.4582164,-0.5353378,-0.43128034,-0.0685186,0.033153042,-0.026600573,-0.5828567,0.13428305,-0.82365304,-0.15442054,309.475,3.462200000000002,41.49,2,4,11,0.4850635888190241,-3.1852208653743004,-0.4864347260944444,3.136140956508783,4.626596027094984,0.0051309091917871,-0.1348304488139146,1.8469014102478623e-15,2.9392885995386464e-16,3.9335798186073884e-16,-1.142939516767227e-17,7.174266383013226e-18,-4.1892741924584265e-19,-4.8997061711303205e-20,-1.02214754635707e-17,-6.717236720520143e-18,-2.033469020046646e-17,3.897959064348204e-18,1.2319467513090944e-17,-4.608393442989917e-18,-9.505251796380753e-18,-1.442039318112308e-18,1.3388102862800389e-18,-2.038128501474614e-18,3.901034855648932e-18,-2.443947202963253e-19,-1.39816869869308e-18,-1.0726516062792081e-18,3.0098003030914573e-18,2.209678732530831e-18,-9.963117094100816e-19,2.237928959832956e-18,2.1424542381876002e-18,92.15403402777784,5.5573554,0.0,5.5911155,5.46748e-07
CHEMBL3906571,,COc1ccc2c(c1)CN(C(=O)Nc1ccccc1)CCS2,RYR2,heart,0,6.74,-0.412179857514408,-2.111323,0.9030517892130238,-0.4121839,-1.2422717,-0.7687285,1.3974525,0.44000557,-1.4713622,-0.30592418,-1.2844148,-0.30622083,-0.62658244,-0.7775091,-1.3944415,2.796735,-0.42979312,0.84977615,-0.115701325,0.377178,0.42753014,-0.32560712,-0.5964633,-1.3763664,-0.08361178,0.21650071,0.3242183,-0.07791497,-0.37235796,0.023192523,-0.1491438,-0.1011297,-0.034011986,-0.21012855,-0.034920838,-0.13979828,-0.018735176,-0.23226085,-0.43688518,-0.26353246,-0.06358015,0.04720783,0.19388212,-0.30376884,0.011253517,-0.5384215,-0.007267665,0.05632574,-0.14977813,0.4023622,0.2812207,0.45584598,-0.24953759,-0.014590411,0.16105427,-0.2083509,0.008951584,-0.019857146,0.1313945,0.015337696,-0.1216124,0.06925465,-0.026683018,0.20152636,-0.1352108,0.3942887,0.048775252,314.4100000000001,3.835000000000002,41.57,1,3,2,0.9155994479638068,-3.1852208653743004,-0.4864347260944444,3.136140956508783,4.626596027094984,0.0051309091917871,-0.1348304488139146,1.8469014102478623e-15,2.9392885995386464e-16,3.9335798186073884e-16,-1.142939516767227e-17,7.174266383013226e-18,-4.1892741924584265e-19,-4.8997061711303205e-20,-1.02214754635707e-17,-6.717236720520143e-18,-2.033469020046646e-17,3.897959064348204e-18,1.2319467513090944e-17,-4.608393442989917e-18,-9.505251796380753e-18,-1.442039318112308e-18,1.3388102862800389e-18,-2.038128501474614e-18,3.901034855648932e-18,-2.443947202963253e-19,-1.39816869869308e-18,-1.0726516062792081e-18,3.0098003030914573e-18,2.209678732530831e-18,-9.963117094100816e-19,2.237928959832956e-18,2.1424542381876002e-18,92.15403402777784,5.5573554,0.0,5.590182,2.2506438e-07
CHEMBL3909362,,COc1ccc2c(c1)CN(C(=O)c1ccccc1)CCS2,RYR2,heart,0,6.69,-0.4236235556145573,-2.111323,0.9030517892130238,-0.4236274,-1.4872445,-0.875507,1.6545786,0.51497895,-1.6259229,-0.34298846,-1.3682598,0.060121104,-0.5951807,-0.5852315,-1.1745188,2.5958598,-0.4097083,0.80238765,0.11390932,0.5307648,0.22942588,-0.029842421,-0.32516468,-0.9064347,-0.1135529,-0.30431387,0.38160956,0.0670261,-0.12091751,-0.43438306,0.09501693,-0.4124683,-0.16147721,0.2550647,0.28746054,-0.05234982,0.3187781,-0.18223093,-0.15259112,-0.3167814,-0.032414176,-0.016074214,-0.22931232,-0.12752241,0.009004745,-0.067822225,0.21999677,0.04177518,-0.044334017,0.0018579216,0.5055755,0.1730315,-0.06649867,0.00898905,0.39392957,-0.03460903,0.042849418,-0.21554752,-0.06351487,-0.02338927,-0.028764866,0.08740797,-0.17647725,0.3707475,-0.20460156,0.21544148,0.47298214,299.39500000000004,3.4433000000000025,29.54,0,3,2,0.8504807555615528,-3.1852208653743004,-0.4864347260944444,3.136140956508783,4.626596027094984,0.0051309091917871,-0.1348304488139146,1.8469014102478623e-15,2.9392885995386464e-16,3.9335798186073884e-16,-1.142939516767227e-17,7.174266383013226e-18,-4.1892741924584265e-19,-4.8997061711303205e-20,-1.02214754635707e-17,-6.717236720520143e-18,-2.033469020046646e-17,3.897959064348204e-18,1.2319467513090944e-17,-4.608393442989917e-18,-9.505251796380753e-18,-1.442039318112308e-18,1.3388102862800389e-18,-2.038128501474614e-18,3.901034855648932e-18,-2.443947202963253e-19,-1.39816869869308e-18,-1.0726516062792081e-18,3.0098003030914573e-18,2.209678732530831e-18,-9.963117094100816e-19,2.237928959832956e-18,2.1424542381876002e-18,92.15403402777784,5.5573554,0.0,5.590122,2.1092937e-07
CHEMBL3918523,,O=C(NO)N1CCSc2ccccc2C1,RYR2,heart,0,6.66,-0.3699763807843714,-2.111323,0.9030517892130238,-0.36998028,-0.99238884,-0.5753554,0.67638856,-0.23429558,-0.6135485,-0.64674544,-1.3531667,-0.88082343,0.2575441,-0.5818676,-1.2538038,1.3705566,-0.554809,0.10626227,-0.46138576,0.3155578,-0.039544072,-0.14628457,-0.08730037,-1.2488817,-0.3037253,-0.16962744,0.5183578,0.28316244,-0.1391829,-0.5049429,0.16299555,-0.2997427,-0.24319698,-0.32557774,-0.008789189,-0.32943133,0.44975752,-0.29081002,-0.47582263,-0.5027465,0.003532197,-0.29851404,-0.4424864,-0.16339707,-0.13790028,-0.018940233,-0.29079512,-0.4177083,-0.31871665,-0.4191536,-0.24517976,0.32548103,-0.7127533,-0.14915954,0.7382963,0.047247235,0.63111776,-0.065505214,-0.30531844,0.36492664,0.13999335,-0.4368915,0.07154456,0.10624209,-0.087117806,0.42579255,0.08287093,224.285,1.6931,52.57,2,3,0,0.5206261866246394,-3.1852208653743004,-0.4864347260944444,3.136140956508783,4.626596027094984,0.0051309091917871,-0.1348304488139146,1.8469014102478623e-15,2.9392885995386464e-16,3.9335798186073884e-16,-1.142939516767227e-17,7.174266383013226e-18,-4.1892741924584265e-19,-4.8997061711303205e-20,-1.02214754635707e-17,-6.717236720520143e-18,-2.033469020046646e-17,3.897959064348204e-18,1.2319467513090944e-17,-4.608393442989917e-18,-9.505251796380753e-18,-1.442039318112308e-18,1.3388102862800389e-18,-2.038128501474614e-18,3.901034855648932e-18,-2.443947202963253e-19,-1.39816869869308e-18,-1.0726516062792081e-18,3.0098003030914573e-18,2.209678732530831e-18,-9.963117094100816e-19,2.237928959832956e-18,2.1424542381876002e-18,92.15403402777784,5.5573554,0.0,5.590094,3.9913456e-07
CHEMBL3952083,,COc1ccc2c(c1)CN(C(=O)CI)CCS2,RYR2,heart,0,7.26,-0.2561320260184804,-2.111323,0.9030517892130238,-0.2561351,-1.3625803,-0.7646606,1.4936335,0.6984749,-1.5340339,-0.3018617,-1.0084114,-0.5880336,-1.429511,-1.0344123,-0.93706334,2.6700368,-0.3954188,0.87836975,-0.2904401,0.48596358,-0.22466499,0.19240218,-0.3282875,-0.5886931,0.1712972,-0.08564659,0.35871592,0.13376562,0.051380333,-0.20097028,0.35691667,-0.36677527,-0.5874114,-0.0369225,-0.01197787,0.06985692,0.3241805,0.033165816,-0.2812737,-0.16582274,-0.2844715,-0.23439606,-0.07044616,0.2033679,-0.14640261,0.008348919,0.1487446,0.12503931,0.021249253,0.062785424,-0.12109542,-0.033548877,0.07244081,0.024827605,0.15405235,-0.17879473,0.12268952,-0.09738661,0.2243981,0.08992273,0.13884062,0.11763136,-0.23630816,0.26845905,-0.15264077,0.18191816,0.14130457,363.22,2.5645000000000007,29.54,0,3,2,0.5976708965514784,-3.1852208653743004,-0.4864347260944444,3.136140956508783,4.626596027094984,0.0051309091917871,-0.1348304488139146,1.8469014102478623e-15,2.9392885995386464e-16,3.9335798186073884e-16,-1.142939516767227e-17,7.174266383013226e-18,-4.1892741924584265e-19,-4.8997061711303205e-20,-1.02214754635707e-17,-6.717236720520143e-18,-2.033469020046646e-17,3.897959064348204e-18,1.2319467513090944e-17,-4.608393442989917e-18,-9.505251796380753e-18,-1.442039318112308e-18,1.3388102862800389e-18,-2.038128501474614e-18,3.901034855648932e-18,-2.443947202963253e-19,-1.39816869869308e-18,-1.0726516062792081e-18,3.0098003030914573e-18,2.209678732530831e-18,-9.963117094100816e-19,2.237928959832956e-18,2.1424542381876002e-18,92.15403402777784,5.5573554,0.0,5.5803795,2.913294e-07
CHEMBL3957737,,COc1ccc2c(c1)CN(C(=O)C(=O)NCCSSCCNC(=O)c1ccc(N=[N+]=[N-])cc1[N+](=O)[O-])CCS2,RYR2,heart,0,7.1,-0.4325352394030241,-2.111323,0.9030517892130238,-0.43253782,-1.2145545,-0.9855383,0.85889494,1.110971,-1.8264818,-0.42775065,-0.6356184,-0.36843377,-1.6627302,-0.8361078,-1.1738095,3.106414,-0.321459,0.696163,-0.82727957,0.07378111,0.29299966,0.45005837,-0.15919724,-0.78645784,-0.80218303,0.3897642,0.11700813,0.33183023,1.019249,-0.25167686,0.18227431,-0.33773455,-0.6508764,-0.10020641,0.053042147,0.33746424,0.3135034,0.30596888,-0.2916414,-0.0327079,0.25989595,-0.49636573,0.016909007,-0.7030477,-0.6459945,0.23667493,-0.17076796,0.29268578,0.19970714,0.081156954,-0.1045745,0.024529142,-0.39664295,-0.14844702,0.5234781,-0.022160755,0.2902604,0.1492793,-0.43384492,-0.032309145,0.42181382,0.23466037,0.066558965,0.21866025,-0.030875368,0.0060292524,-0.95318455,591.6970000000001,3.9071000000000025,179.64,2,10,11,0.0572389088564741,-3.1852208653743004,-0.4864347260944444,3.136140956508783,4.626596027094984,0.0051309091917871,-0.1348304488139146,1.8469014102478623e-15,2.9392885995386464e-16,3.9335798186073884e-16,-1.142939516767227e-17,7.174266383013226e-18,-4.1892741924584265e-19,-4.8997061711303205e-20,-1.02214754635707e-17,-6.717236720520143e-18,-2.033469020046646e-17,3.897959064348204e-18,1.2319467513090944e-17,-4.608393442989917e-18,-9.505251796380753e-18,-1.442039318112308e-18,1.3388102862800389e-18,-2.038128501474614e-18,3.901034855648932e-18,-2.443947202963253e-19,-1.39816869869308e-18,-1.0726516062792081e-18,3.0098003030914573e-18,2.209678732530831e-18,-9.963117094100816e-19,2.237928959832956e-18,2.1424542381876002e-18,92.15403402777784,5.5573554,0.0,5.573649,4.977068e-07
CHEMBL3962505,,COc1ccc2c(c1)CN(C(=O)CCN1CCCCC1)CCS2,RYR2,heart,0,7.26,-0.3307829815613575,-2.111323,0.9030517892130238,-0.33078575,-1.3668735,-0.72948694,1.8150947,0.62249136,-1.4432037,-0.5534315,-1.064133,-0.9179066,-1.6759589,-1.1325594,-0.9147647,2.7555308,-0.15824787,0.76643205,-0.46814084,0.6070561,-0.6478971,0.08302084,-0.096226245,-0.39586145,-0.011463843,0.12420703,0.45375,-0.04364218,-0.0970323,-0.33181956,0.32195377,0.3342717,-0.5401331,0.24479638,-0.38409278,0.23500322,0.23794253,0.092766315,0.43848813,-0.25819802,-0.14165094,-0.3154788,-0.3160369,0.09962482,0.14677443,-0.017570175,0.05070892,-0.055253446,-0.20011699,-0.22703573,-0.20884264,0.059743933,0.26507244,-0.37197658,-0.061421487,-0.005486739,0.41212353,0.15781346,0.31833914,-0.1836329,-0.25067446,0.4607473,-0.24866956,0.08367723,0.17604174,0.03609726,0.012569884,334.48500000000007,3.0055000000000014,32.78,0,4,4,0.8473183736489843,-3.1852208653743004,-0.4864347260944444,3.136140956508783,4.626596027094984,0.0051309091917871,-0.1348304488139146,1.8469014102478623e-15,2.9392885995386464e-16,3.9335798186073884e-16,-1.142939516767227e-17,7.174266383013226e-18,-4.1892741924584265e-19,-4.8997061711303205e-20,-1.02214754635707e-17,-6.717236720520143e-18,-2.033469020046646e-17,3.897959064348204e-18,1.2319467513090944e-17,-4.608393442989917e-18,-9.505251796380753e-18,-1.442039318112308e-18,1.3388102862800389e-18,-2.038128501474614e-18,3.901034855648932e-18,-2.443947202963253e-19,-1.39816869869308e-18,-1.0726516062792081e-18,3.0098003030914573e-18,2.209678732530831e-18,-9.963117094100816e-19,2.237928959832956e-18,2.1424542381876002e-18,92.15403402777784,5.5573554,0.0,5.563944,2.4858437e-07
CHEMBL3932239,,CCCCN(CCCC)CCS(=O)(=O)N1CCSc2ccc(OC)cc2C1,RYR2,heart,0,6.68,-0.0093392139153768,-2.111323,0.9030517892130238,-0.009340603,-1.089244,-0.6657945,1.5729462,0.12407791,-1.4541744,-0.0036112047,-0.36649215,-0.9628227,-1.8484908,-1.3901117,-0.57100844,1.917565,0.30788785,1.3081838,-0.15108114,0.4940123,0.2487315,0.456468,-0.09985168,0.019340415,-0.007725325,-0.48499823,0.49589846,-0.14672878,0.17466564,0.08461871,0.124630146,-0.1220179,-0.07771387,0.408838,0.10659845,0.21372336,0.5887883,-0.43440688,-0.26383746,0.24879889,-0.1668966,0.113610186,0.65476346,0.056258958,0.4546865,0.08405394,-0.0058021275,0.37757638,0.05606485,-0.09479331,-0.38804537,0.32494205,-0.46160316,0.5029575,0.22214854,-0.40762404,-0.20663992,0.10255421,0.08277367,0.124983266,-0.10039222,-0.008736292,-0.24862465,0.05528087,-0.4946359,0.12816106,0.24006987,414.63700000000017,3.834900000000004,49.85000000000001,0,5,11,0.550654362040304,-3.1852208653743004,-0.4864347260944444,3.136140956508783,4.626596027094984,0.0051309091917871,-0.1348304488139146,1.8469014102478623e-15,2.9392885995386464e-16,3.9335798186073884e-16,-1.142939516767227e-17,7.174266383013226e-18,-4.1892741924584265e-19,-4.8997061711303205e-20,-1.02214754635707e-17,-6.717236720520143e-18,-2.033469020046646e-17,3.897959064348204e-18,1.2319467513090944e-17,-4.608393442989917e-18,-9.505251796380753e-18,-1.442039318112308e-18,1.3388102862800389e-18,-2.038128501474614e-18,3.901034855648932e-18,-2.443947202963253e-19,-1.39816869869308e-18,-1.0726516062792081e-18,3.0098003030914573e-18,2.209678732530831e-18,-9.963117094100816e-19,2.237928959832956e-18,2.1424542381876002e-18,92.15403402777784,5.5573554,0.0,5.563507,2.135106e-07
CHEMBL3918890,,COc1ccc2c(c1)CN(C(N)=O)CCS2,RYR2,heart,0,6.82,-0.3310494892211644,-2.111323,0.9030517892130238,-0.33105287,-1.2385751,-0.8824621,1.4437281,0.69288284,-1.6739858,-0.102321744,-0.901791,-0.48220038,-1.4668727,-1.0586331,-1.0159241,2.4674296,-0.6312917,0.749022,-0.10468511,0.45191053,-0.16715051,0.09057259,-0.48020804,-0.801916,0.19449449,0.07426363,0.1714449,0.29535496,-0.12254998,-0.26594883,0.28873265,-0.25625762,-0.46988887,0.04226555,-0.057131145,-0.33553916,0.2943404,0.041913103,-0.23243783,-0.119308166,-0.09576078,-0.25947022,-0.20895544,0.033378802,-0.07616284,0.1536688,0.1382614,-0.02338115,-0.23481227,0.032349642,-0.21457799,0.12370935,-0.07949996,0.12631503,0.20313275,0.12051069,-0.017819753,-0.05013483,0.021126011,-0.022557326,0.043131787,0.063378036,-0.24450697,0.4447902,-0.09491034,-0.025599223,0.32496575,238.31199999999995,1.6816,55.56,1,3,1,0.8095449935602274,-3.1852208653743004,-0.4864347260944444,3.136140956508783,4.626596027094984,0.0051309091917871,-0.1348304488139146,1.8469014102478623e-15,2.9392885995386464e-16,3.9335798186073884e-16,-1.142939516767227e-17,7.174266383013226e-18,-4.1892741924584265e-19,-4.8997061711303205e-20,-1.02214754635707e-17,-6.717236720520143e-18,-2.033469020046646e-17,3.897959064348204e-18,1.2319467513090944e-17,-4.608393442989917e-18,-9.505251796380753e-18,-1.442039318112308e-18,1.3388102862800389e-18,-2.038128501474614e-18,3.901034855648932e-18,-2.443947202963253e-19,-1.39816869869308e-18,-1.0726516062792081e-18,3.0098003030914573e-18,2.209678732530831e-18,-9.963117094100816e-19,2.237928959832956e-18,2.1424542381876002e-18,92.15403402777784,5.5573554,0.0,5.560305,2.7619154e-07
CHEMBL3965149,,COc1ccc2c(c1)CN(C(=O)N1CCCCC1)CCS2,RYR2,heart,0,7.4,-0.2100228473564764,-2.111323,0.9030517892130238,-0.21002635,-1.3076302,-0.85283285,1.5914235,0.70402277,-1.6427171,-0.30409005,-0.9349286,-0.5538745,-1.5172302,-1.1541191,-1.0814371,2.506345,-0.6097797,0.6849118,-0.252483,0.554174,-0.27983803,-0.02593662,-0.32550842,-0.69557977,-0.19077569,-0.040797472,0.13102327,0.14568698,0.06747251,-0.27919608,0.4972439,-0.09651733,-0.27409086,-0.050298616,0.06616515,-0.035869822,0.13640597,0.041640885,0.14610635,-0.4195286,0.011363005,-0.15535642,-0.40146065,0.16798548,0.018844698,0.2250311,0.082788475,-0.089077406,-0.44244337,-0.17075895,-0.2643435,0.32248354,-0.20501357,-0.09786423,0.27507105,-0.33513975,-0.091820665,-0.08685144,0.25472167,-0.07979905,-0.0873588,0.26135078,-0.23735203,0.104662515,-0.32787684,-0.105607025,0.06602991,306.431,3.208800000000002,32.78,0,3,1,0.7985068429229204,-3.1852208653743004,-0.4864347260944444,3.136140956508783,4.626596027094984,0.0051309091917871,-0.1348304488139146,1.8469014102478623e-15,2.9392885995386464e-16,3.9335798186073884e-16,-1.142939516767227e-17,7.174266383013226e-18,-4.1892741924584265e-19,-4.8997061711303205e-20,-1.02214754635707e-17,-6.717236720520143e-18,-2.033469020046646e-17,3.897959064348204e-18,1.2319467513090944e-17,-4.608393442989917e-18,-9.505251796380753e-18,-1.442039318112308e-18,1.3388102862800389e-18,-2.038128501474614e-18,3.901034855648932e-18,-2.443947202963253e-19,-1.39816869869308e-18,-1.0726516062792081e-18,3.0098003030914573e-18,2.209678732530831e-18,-9.963117094100816e-19,2.237928959832956e-18,2.1424542381876002e-18,92.15403402777784,5.5573554,0.0,5.5566173,2.9739908e-07
CHEMBL3892168,,COc1ccc2c(c1)CN(C(=O)CCN1CCC(Cc3ccc(N=[N+]=[N-])cc3N=[N+]=[N-])CC1)CCS2,RYR2,heart,0,7.28,-0.7345212668597808,-2.111323,0.9030517892130238,-0.7345243,-1.1794368,-0.6212473,1.9921093,0.79347134,-0.9966104,-0.8744816,-0.5902904,-0.7802536,-1.7080791,-1.2623603,-0.5853266,3.265223,-0.25366318,0.97056794,-0.35974777,0.85749656,-0.51071674,0.1266231,-0.06882138,-0.43545055,0.10078234,0.104097106,0.5349856,0.35071042,-0.24699649,-0.6689541,-0.015956013,0.026024371,-0.60367763,0.7067406,-0.5086909,0.063623086,0.15998194,0.43088904,-0.36898196,0.071201704,-0.38322225,-0.6471822,-0.46340254,-0.044465784,-0.063100696,0.00043944354,-0.14967757,0.47012755,0.48454964,-0.18155298,0.33146685,-0.03404352,0.14861938,-0.19753075,0.016979394,0.5753594,0.6273274,0.46834457,0.24992226,0.012964986,0.48265994,0.30316824,0.2565251,0.36059088,0.23193188,0.14237042,-0.0906681,506.63600000000025,6.357900000000006,130.3,0,6,8,0.2341232087074682,-3.1852208653743004,-0.4864347260944444,3.136140956508783,4.626596027094984,0.0051309091917871,-0.1348304488139146,1.8469014102478623e-15,2.9392885995386464e-16,3.9335798186073884e-16,-1.142939516767227e-17,7.174266383013226e-18,-4.1892741924584265e-19,-4.8997061711303205e-20,-1.02214754635707e-17,-6.717236720520143e-18,-2.033469020046646e-17,3.897959064348204e-18,1.2319467513090944e-17,-4.608393442989917e-18,-9.505251796380753e-18,-1.442039318112308e-18,1.3388102862800389e-18,-2.038128501474614e-18,3.901034855648932e-18,-2.443947202963253e-19,-1.39816869869308e-18,-1.0726516062792081e-18,3.0098003030914573e-18,2.209678732530831e-18,-9.963117094100816e-19,2.237928959832956e-18,2.1424542381876002e-18,92.15403402777784,5.5573554,0.0,5.5563254,3.7379402e-07
CHEMBL3893618,,COc1ccc2c(c1)CN(C(=O)C(=O)NCCSSCCNC(=O)c1ccc(N=[N+]=[N-])cc1O)CCS2,RYR2,heart,0,7.1,-0.5835011228808619,-2.111323,0.9030517892130238,-0.583504,-1.0828421,-0.8594796,1.2214231,1.2967345,-1.6410562,-0.09309348,-0.95051324,-0.64251256,-1.4654549,-0.8905102,-1.1383967,3.0875652,-0.38446337,0.7097843,-0.8233851,0.024955252,0.37369683,0.46536234,-0.19649425,-0.6792419,-0.24678136,0.052824486,0.054858133,0.09297421,0.48970312,-0.34534192,0.4486745,-0.43918988,-0.7298213,0.013347342,0.018981816,0.107055314,0.52641624,0.44013807,-0.34353474,0.08051882,0.18501022,-0.5534074,-0.017080767,-0.33097193,-0.33494732,0.10735091,0.055852078,0.13839762,0.11672132,0.15787989,-0.08517965,0.10896824,-0.618145,0.019204106,0.3355723,-0.031889156,0.32543647,0.1060263,-0.43462953,-0.2688383,0.21825126,0.11871824,0.35613298,0.39952692,0.12195731,-0.095623486,-0.66905284,562.6990000000001,3.704500000000002,156.73000000000002,3,9,10,0.0987897201582448,-3.1852208653743004,-0.4864347260944444,3.136140956508783,4.626596027094984,0.0051309091917871,-0.1348304488139146,1.8469014102478623e-15,2.9392885995386464e-16,3.9335798186073884e-16,-1.142939516767227e-17,7.174266383013226e-18,-4.1892741924584265e-19,-4.8997061711303205e-20,-1.02214754635707e-17,-6.717236720520143e-18,-2.033469020046646e-17,3.897959064348204e-18,1.2319467513090944e-17,-4.608393442989917e-18,-9.505251796380753e-18,-1.442039318112308e-18,1.3388102862800389e-18,-2.038128501474614e-18,3.901034855648932e-18,-2.443947202963253e-19,-1.39816869869308e-18,-1.0726516062792081e-18,3.0098003030914573e-18,2.209678732530831e-18,-9.963117094100816e-19,2.237928959832956e-18,2.1424542381876002e-18,92.15403402777784,5.5573554,0.0,5.554272,7.901648e-07
CHEMBL3894901,,COc1ccc2c(c1)CN(C(=O)CCN1CCC(Cc3ccc(N=[N+]=[N-])cc3)CC1)CCS2,RYR2,heart,0,7.35,-0.7680703304200867,-2.111323,0.9030517892130238,-0.76807296,-1.1472347,-0.56855774,2.0491714,0.7752992,-0.9232092,-0.889997,-0.7337124,-0.76676613,-1.7352606,-1.2569809,-0.57749635,3.4454007,0.011405417,0.86251193,-0.4341563,0.5589005,-0.48015004,0.17925747,-0.017684726,-0.47218978,0.19859314,0.395431,0.2560272,0.31775087,-0.25165185,-0.6331829,-0.03655361,0.065622546,-0.41183275,0.42824787,-0.104501225,0.047729954,0.28598535,0.23306598,-0.23951885,-0.09964398,-0.18130296,-0.46755242,-0.4091231,0.5139798,-0.042408966,0.2146744,-0.14280488,0.4448675,0.31358987,-0.06254128,0.31702206,0.06387015,0.39817682,-0.30797213,-0.47331113,0.72543675,0.67383593,0.43089175,0.010222184,0.06769165,0.23202622,0.35401914,0.46527204,0.3466884,0.15981932,0.25995728,-0.06828272,465.6230000000002,5.4161000000000055,81.54,0,5,7,0.3107158659080394,-3.1852208653743004,-0.4864347260944444,3.136140956508783,4.626596027094984,0.0051309091917871,-0.1348304488139146,1.8469014102478623e-15,2.9392885995386464e-16,3.9335798186073884e-16,-1.142939516767227e-17,7.174266383013226e-18,-4.1892741924584265e-19,-4.8997061711303205e-20,-1.02214754635707e-17,-6.717236720520143e-18,-2.033469020046646e-17,3.897959064348204e-18,1.2319467513090944e-17,-4.608393442989917e-18,-9.505251796380753e-18,-1.442039318112308e-18,1.3388102862800389e-18,-2.038128501474614e-18,3.901034855648932e-18,-2.443947202963253e-19,-1.39816869869308e-18,-1.0726516062792081e-18,3.0098003030914573e-18,2.209678732530831e-18,-9.963117094100816e-19,2.237928959832956e-18,2.1424542381876002e-18,92.15403402777784,5.5573554,0.0,5.550545,3.2724634e-07
CHEMBL3932540,,COc1ccc2c(c1)CN(C(=O)c1ccc(N=[N+]=[N-])cc1O)CCS2,RYR2,heart,0,7.0,-0.3364988084207037,-2.111323,0.9030517892130238,-0.33650243,-1.3578031,-0.89861965,1.5842277,0.9065683,-1.7291359,-0.06719386,-0.93770874,-0.5729551,-1.430759,-1.0907654,-1.0630112,2.646218,-0.6627112,0.6927623,-0.1972319,0.28033534,-0.05757979,0.14911416,-0.3484343,-0.84493315,0.032900967,-0.14124452,0.24574727,0.17246902,0.15906528,-0.23818925,0.41580027,-0.5516722,-0.5791376,0.39981934,0.2621696,-0.18788171,0.2142785,0.18005516,-0.28660837,-0.107138805,0.18675965,-0.69509995,-0.3517227,0.02532256,-0.15799364,0.122886926,0.2193842,0.067044996,-0.14258647,0.10938563,-0.17997885,0.309913,-0.37574956,0.15329257,0.27884126,0.07293294,0.3115025,0.12793657,-0.34698853,-0.23355573,0.18863283,0.21540262,0.22900786,0.35092443,-0.14134283,0.0038992937,-0.045974128,356.4070000000001,4.090700000000003,98.53,1,5,3,0.5084774253424261,-3.1852208653743004,-0.4864347260944444,3.136140956508783,4.626596027094984,0.0051309091917871,-0.1348304488139146,1.8469014102478623e-15,2.9392885995386464e-16,3.9335798186073884e-16,-1.142939516767227e-17,7.174266383013226e-18,-4.1892741924584265e-19,-4.8997061711303205e-20,-1.02214754635707e-17,-6.717236720520143e-18,-2.033469020046646e-17,3.897959064348204e-18,1.2319467513090944e-17,-4.608393442989917e-18,-9.505251796380753e-18,-1.442039318112308e-18,1.3388102862800389e-18,-2.038128501474614e-18,3.901034855648932e-18,-2.443947202963253e-19,-1.39816869869308e-18,-1.0726516062792081e-18,3.0098003030914573e-18,2.209678732530831e-18,-9.963117094100816e-19,2.237928959832956e-18,2.1424542381876002e-18,92.15403402777784,5.5573554,0.0,5.546471,5.4517875e-07
CHEMBL3902651,,COc1ccc2c(c1)CN(S(C)(=O)=O)CCS2,RYR2,heart,0,6.99,0.267508807669465,-2.111323,0.9030517892130238,0.2675056,-1.0003122,-0.7944323,1.7313608,0.47105715,-1.3140157,-0.03120538,-0.45887578,-0.65036476,-1.5482917,-1.2912285,-1.0491478,1.9411105,-0.8212418,0.7256312,9.974765e-05,0.19584547,0.059886623,-0.019314706,-0.25143942,-0.32213318,0.103340365,-0.07196063,0.16173439,0.2587794,0.19376805,-0.2867333,0.1453875,-0.26718926,-0.16961923,0.21947795,-0.17456073,0.098497905,0.37348175,-0.2402665,0.08412126,-0.39112684,-0.2126988,0.009751865,0.3815749,-0.043199293,0.111621045,0.24054086,0.1823132,0.03899289,-0.1566265,-0.053610027,0.02510805,0.321631,-0.051970568,0.3336725,-0.004585011,-0.24402288,0.048421476,0.29018384,-0.06829461,-0.1550276,0.027641768,-0.022246035,-0.011582387,0.15366706,-0.49381378,0.020280162,0.1264418,273.379,1.5625,46.61,0,4,2,0.8202400090332276,-3.1852208653743004,-0.4864347260944444,3.136140956508783,4.626596027094984,0.0051309091917871,-0.1348304488139146,1.8469014102478623e-15,2.9392885995386464e-16,3.9335798186073884e-16,-1.142939516767227e-17,7.174266383013226e-18,-4.1892741924584265e-19,-4.8997061711303205e-20,-1.02214754635707e-17,-6.717236720520143e-18,-2.033469020046646e-17,3.897959064348204e-18,1.2319467513090944e-17,-4.608393442989917e-18,-9.505251796380753e-18,-1.442039318112308e-18,1.3388102862800389e-18,-2.038128501474614e-18,3.901034855648932e-18,-2.443947202963253e-19,-1.39816869869308e-18,-1.0726516062792081e-18,3.0098003030914573e-18,2.209678732530831e-18,-9.963117094100816e-19,2.237928959832956e-18,2.1424542381876002e-18,92.15403402777784,5.5573554,0.0,5.5424347,2.758588e-07
CHEMBL3949995,,COc1ccc2c(c1)CN(C(=O)c1cccc(C(=O)N3CCSc4ccc(OC)cc4C3)n1)CCS2,RYR2,heart,0,6.45,-0.1788427230285465,-2.111323,0.9030517892130238,-0.17884621,-1.3903162,-0.83644533,1.404119,0.4126826,-1.3967707,0.022022212,-0.9215728,0.15085992,-1.3661642,-0.8822028,-0.8888186,2.379328,-0.5199284,1.0987955,-0.23107709,0.4901177,-0.062039994,-0.26995304,-0.4458634,-1.0908234,-0.47842884,-0.34750745,0.19838378,-0.023334378,-0.41974342,-0.36037877,0.5174511,-0.48778915,-0.30448055,0.26099133,-0.16920413,-0.07484979,-0.18201117,-0.16354015,-0.35215765,-0.23761591,0.0628354,-0.34817028,0.072237276,0.35449317,-0.16116515,0.32621995,0.3812022,-0.3555377,-0.22845758,0.20691434,0.30791408,-0.007632436,0.04438518,0.2771376,0.20093122,-0.20006746,0.38813442,-0.27555043,-0.035587855,0.011807522,-0.19350784,-0.050975338,-0.2658473,0.4853496,-0.24168287,0.13332716,-0.00095107564,521.6640000000003,4.595000000000004,71.97,0,7,4,0.4971212082570008,-3.1852208653743004,-0.4864347260944444,3.136140956508783,4.626596027094984,0.0051309091917871,-0.1348304488139146,1.8469014102478623e-15,2.9392885995386464e-16,3.9335798186073884e-16,-1.142939516767227e-17,7.174266383013226e-18,-4.1892741924584265e-19,-4.8997061711303205e-20,-1.02214754635707e-17,-6.717236720520143e-18,-2.033469020046646e-17,3.897959064348204e-18,1.2319467513090944e-17,-4.608393442989917e-18,-9.505251796380753e-18,-1.442039318112308e-18,1.3388102862800389e-18,-2.038128501474614e-18,3.901034855648932e-18,-2.443947202963253e-19,-1.39816869869308e-18,-1.0726516062792081e-18,3.0098003030914573e-18,2.209678732530831e-18,-9.963117094100816e-19,2.237928959832956e-18,2.1424542381876002e-18,92.15403402777784,5.5573554,0.0,5.5416336,2.5622788e-07
CHEMBL2104951,ALADORIAN,COc1ccc2c(c1)CN(C(=O)C(=O)O)CCS2,RYR2,heart,1,7.82,-0.3711844487856732,-2.111323,0.9030517892130238,-0.3711878,-1.2198792,-0.849868,1.5226238,0.6507335,-1.6488086,-0.2491192,-0.98436505,-0.50757384,-1.3169832,-0.9654732,-1.1625257,2.6223361,-0.5149057,0.766812,-0.0055038957,0.5246552,-0.09927369,0.049142882,-0.46567023,-0.8121968,0.09198345,-0.06443907,0.20161195,0.093115166,0.03954488,-0.28229585,0.16202383,-0.40689194,-0.34860915,-0.010726424,0.25279248,-0.17328033,0.18009765,-0.1028955,-0.12918265,-0.3098923,-0.12616102,-0.13230903,-0.07708859,0.10929459,-0.12173441,-0.075175986,0.24240158,-0.10036867,-0.19933182,0.0480443,0.022976255,0.10023914,-0.14800079,0.0784672,0.18238194,-0.11994997,-0.14139748,0.09274341,0.029215423,0.06812306,-0.10246157,-0.0039288444,-0.20064825,0.5602751,-0.19216463,0.1618866,0.22589558,267.3059999999999,1.2141,66.84,1,4,1,0.7747586727617742,-3.1852208653743004,-0.4864347260944444,3.136140956508783,4.626596027094984,0.0051309091917871,-0.1348304488139146,1.8469014102478623e-15,2.9392885995386464e-16,3.9335798186073884e-16,-1.142939516767227e-17,7.174266383013226e-18,-4.1892741924584265e-19,-4.8997061711303205e-20,-1.02214754635707e-17,-6.717236720520143e-18,-2.033469020046646e-17,3.897959064348204e-18,1.2319467513090944e-17,-4.608393442989917e-18,-9.505251796380753e-18,-1.442039318112308e-18,1.3388102862800389e-18,-2.038128501474614e-18,3.901034855648932e-18,-2.443947202963253e-19,-1.39816869869308e-18,-1.0726516062792081e-18,3.0098003030914573e-18,2.209678732530831e-18,-9.963117094100816e-19,2.237928959832956e-18,2.1424542381876002e-18,92.15403402777784,5.5573554,0.0,5.539882,3.8892009e-07
CHEMBL3928727,,C=CC(=O)N1CCSc2ccc(OC)cc2C1,RYR2,heart,0,7.3,-0.1287241135804143,-2.111323,0.9030517892130238,-0.1287279,-1.3998537,-0.8651014,1.6367964,0.6356834,-1.5710052,-0.17308785,-0.97132254,-0.5902468,-1.336558,-1.0162836,-1.0872053,2.4895039,-0.76028144,0.7519513,-0.1242437,0.42373812,-0.24949318,0.08730768,-0.3618405,-0.6661211,0.05613464,0.06330787,0.279129,0.101955846,-0.0015144378,-0.18051405,0.3551211,-0.39014658,-0.33067927,-0.013397115,0.23048177,-0.30770847,0.12501822,-0.11029431,-0.18283598,-0.025344811,-0.1516033,-0.1616167,0.015272004,-0.0025332237,-0.24413073,0.24634005,0.27325663,-0.004019413,-0.056690358,0.13041867,-0.14662403,0.20476936,-0.0415109,0.02875129,0.17331928,-0.017280659,0.104422055,-0.035873197,0.15005794,-0.034796998,-0.10077319,-0.057489257,-0.2575064,0.28126916,-0.26235825,-0.11838245,0.28180632,249.335,2.3155,29.540000000000003,0,3,2,0.7533164909737405,-3.1852208653743004,-0.4864347260944444,3.136140956508783,4.626596027094984,0.0051309091917871,-0.1348304488139146,1.8469014102478623e-15,2.9392885995386464e-16,3.9335798186073884e-16,-1.142939516767227e-17,7.174266383013226e-18,-4.1892741924584265e-19,-4.8997061711303205e-20,-1.02214754635707e-17,-6.717236720520143e-18,-2.033469020046646e-17,3.897959064348204e-18,1.2319467513090944e-17,-4.608393442989917e-18,-9.505251796380753e-18,-1.442039318112308e-18,1.3388102862800389e-18,-2.038128501474614e-18,3.901034855648932e-18,-2.443947202963253e-19,-1.39816869869308e-18,-1.0726516062792081e-18,3.0098003030914573e-18,2.209678732530831e-18,-9.963117094100816e-19,2.237928959832956e-18,2.1424542381876002e-18,92.15403402777784,5.5573554,0.0,5.539037,3.425635e-07
CHEMBL3982028,,COc1ccc2c(c1)C(=O)NCCS2,RYR2,heart,0,7.4,-0.055283012966574,-2.111323,0.9030517892130238,-0.05528639,-1.0621455,-0.63688874,1.0265685,0.026757015,-1.0425645,0.6931758,-0.36988083,-0.22467913,-0.9854403,-0.963827,-0.19107728,1.1204835,-1.235971,0.52137214,0.07081634,0.13416456,0.2863593,-0.11457139,0.08076264,0.0761975,0.36740443,0.38218218,-0.06853057,0.51240903,0.0749797,0.2710081,-0.052357014,-0.1246414,-0.3002486,0.49396506,0.15968719,-0.19243579,0.55640554,-0.23208307,0.22228321,-0.26105437,-0.3184297,-0.03653115,0.34203523,-0.0051797456,-0.04020509,0.22023268,0.19459312,0.4803357,0.15754367,-0.025162496,0.3076814,0.23569782,-0.21572445,0.44732794,-0.0396312,-0.3208437,-0.33316854,0.29540667,0.17862578,-0.19066246,-0.27301043,-0.14082722,-0.5020557,0.029683152,-0.36429954,-0.314673,-0.4513119,209.27,1.5307,38.33,1,3,1,0.7619535179460295,-3.1852208653743004,-0.4864347260944444,3.136140956508783,4.626596027094984,0.0051309091917871,-0.1348304488139146,1.8469014102478623e-15,2.9392885995386464e-16,3.9335798186073884e-16,-1.142939516767227e-17,7.174266383013226e-18,-4.1892741924584265e-19,-4.8997061711303205e-20,-1.02214754635707e-17,-6.717236720520143e-18,-2.033469020046646e-17,3.897959064348204e-18,1.2319467513090944e-17,-4.608393442989917e-18,-9.505251796380753e-18,-1.442039318112308e-18,1.3388102862800389e-18,-2.038128501474614e-18,3.901034855648932e-18,-2.443947202963253e-19,-1.39816869869308e-18,-1.0726516062792081e-18,3.0098003030914573e-18,2.209678732530831e-18,-9.963117094100816e-19,2.237928959832956e-18,2.1424542381876002e-18,92.15403402777784,5.5573554,0.0,5.5320554,2.3263827e-07
CHEMBL3984280,,COc1ccc2c(c1)CN(C(=O)CC(=O)O)CCS2,RYR2,heart,0,7.36,-0.3232691278781552,-2.111323,0.9030517892130238,-0.32327184,-1.2188845,-0.6679751,1.2746569,0.7667526,-1.5689468,-0.54394233,-1.0554252,-0.6306227,-1.3105304,-0.8827262,-1.0935713,2.7688174,-0.15725511,0.7854731,-0.22117971,0.483642,0.026992096,0.15859161,-0.44655374,-0.7853066,0.28775272,0.0039907205,0.18953848,0.09998742,-0.026987787,-0.20916572,0.19092393,-0.17493077,-0.46468964,-0.16056842,0.011280847,0.10147978,0.14489822,-0.11544404,-0.21587236,0.047229167,-0.3571586,-0.16363451,0.11636028,-0.01700896,-0.083182536,-0.07952145,0.1805346,0.07569425,0.0010515791,0.25108993,0.046706744,-0.09148862,-0.034078393,0.07909876,0.14682099,-0.12865978,0.057683535,-0.017332682,0.07833116,-0.07021483,0.087366715,-0.045858666,-0.28133515,0.48563442,-0.097331874,0.36479545,0.058219045,281.3329999999999,1.6041999999999998,66.84,1,4,3,0.8524904424655707,-3.1852208653743004,-0.4864347260944444,3.136140956508783,4.626596027094984,0.0051309091917871,-0.1348304488139146,1.8469014102478623e-15,2.9392885995386464e-16,3.9335798186073884e-16,-1.142939516767227e-17,7.174266383013226e-18,-4.1892741924584265e-19,-4.8997061711303205e-20,-1.02214754635707e-17,-6.717236720520143e-18,-2.033469020046646e-17,3.897959064348204e-18,1.2319467513090944e-17,-4.608393442989917e-18,-9.505251796380753e-18,-1.442039318112308e-18,1.3388102862800389e-18,-2.038128501474614e-18,3.901034855648932e-18,-2.443947202963253e-19,-1.39816869869308e-18,-1.0726516062792081e-18,3.0098003030914573e-18,2.209678732530831e-18,-9.963117094100816e-19,2.237928959832956e-18,2.1424542381876002e-18,92.15403402777784,5.5573554,0.0,5.5300455,3.5308997e-07
CHEMBL3943880,,COC(=O)C(=O)N1CCSc2ccc(OC)cc2C1,RYR2,heart,0,7.14,-0.1736412536796576,-2.111323,0.9030517892130238,-0.17364453,-1.1150415,-0.8051709,1.4406466,0.905013,-1.6142188,-0.080918096,-1.0442197,-0.5196526,-1.4083195,-0.9935308,-1.155496,2.6032293,-0.5884887,0.7864336,-0.25697824,0.32636136,-0.049146608,0.021464467,-0.39493206,-0.9244682,0.008746304,0.17172857,0.21624632,0.2068799,-0.11509028,-0.26472944,0.23476918,-0.28659394,-0.36913645,-0.15179706,0.028732795,-0.20289496,0.11570728,0.0109739825,-0.24424236,-0.14632976,-0.069077,-0.2471782,0.0871229,0.02107529,-0.19816592,0.09580212,0.04504299,-0.0940424,-0.10503281,-0.020579673,-0.10713806,0.14919952,-0.23800616,0.057469606,0.3432943,-0.18467106,-0.028708877,0.06179068,-0.017544445,0.08407844,-0.076886155,-0.10477927,-0.16350475,0.39971277,-0.029199598,0.08312396,0.077064574,281.3330000000001,1.3024999999999998,55.84,0,5,1,0.5735204367100115,-3.1852208653743004,-0.4864347260944444,3.136140956508783,4.626596027094984,0.0051309091917871,-0.1348304488139146,1.8469014102478623e-15,2.9392885995386464e-16,3.9335798186073884e-16,-1.142939516767227e-17,7.174266383013226e-18,-4.1892741924584265e-19,-4.8997061711303205e-20,-1.02214754635707e-17,-6.717236720520143e-18,-2.033469020046646e-17,3.897959064348204e-18,1.2319467513090944e-17,-4.608393442989917e-18,-9.505251796380753e-18,-1.442039318112308e-18,1.3388102862800389e-18,-2.038128501474614e-18,3.901034855648932e-18,-2.443947202963253e-19,-1.39816869869308e-18,-1.0726516062792081e-18,3.0098003030914573e-18,2.209678732530831e-18,-9.963117094100816e-19,2.237928959832956e-18,2.1424542381876002e-18,92.15403402777784,5.5573554,0.0,5.527461,3.0028437e-07
CHEMBL3915771,,CCN(CC)C(=O)N1CCSc2ccccc2C1,RYR2,heart,0,6.82,-0.7023131344719349,-2.111323,0.9030517892130238,-0.70231616,-1.1540321,-0.40106183,0.67453,-0.54591584,-0.9377757,-0.6223907,-1.036084,-0.9065395,0.012220919,-0.53511226,-1.1218799,1.2897024,-0.11181905,0.6735357,-0.44117597,0.36261705,-0.27936435,0.4074013,0.06443417,-0.4700996,-0.24071509,-0.6011835,0.8243287,-0.12793888,-0.12565178,-0.30898947,0.30821365,-0.35184094,-0.23163216,-0.46648434,0.038819958,-0.13411438,0.6316579,-0.48440012,-0.5854627,-0.54140425,0.09878574,-0.21007293,-0.071198836,0.16006757,0.07342908,0.20512362,-0.48442718,0.075743526,-0.22890733,-0.38077947,-0.26374212,0.195326,-0.5104194,-0.19678628,0.6066863,0.0031398293,0.5863417,-0.2929913,0.30086368,0.64922255,0.06969957,-0.07911345,-0.05665372,0.5300694,-0.12145809,0.40179533,0.34270605,264.394,3.0561000000000016,23.550000000000004,0,2,2,0.819381285330183,-3.1852208653743004,-0.4864347260944444,3.136140956508783,4.626596027094984,0.0051309091917871,-0.1348304488139146,1.8469014102478623e-15,2.9392885995386464e-16,3.9335798186073884e-16,-1.142939516767227e-17,7.174266383013226e-18,-4.1892741924584265e-19,-4.8997061711303205e-20,-1.02214754635707e-17,-6.717236720520143e-18,-2.033469020046646e-17,3.897959064348204e-18,1.2319467513090944e-17,-4.608393442989917e-18,-9.505251796380753e-18,-1.442039318112308e-18,1.3388102862800389e-18,-2.038128501474614e-18,3.901034855648932e-18,-2.443947202963253e-19,-1.39816869869308e-18,-1.0726516062792081e-18,3.0098003030914573e-18,2.209678732530831e-18,-9.963117094100816e-19,2.237928959832956e-18,2.1424542381876002e-18,92.15403402777784,5.5573554,0.0,5.527452,3.1310572e-07
CHEMBL3898439,,COc1ccc2c(c1)CN(C(=O)CCC(=O)N1CCSc3ccc(OC)cc3C1)CCS2,RYR2,heart,0,6.58,-0.2371053352346049,-2.111323,0.9030517892130238,-0.23710848,-1.3671801,-0.7521499,1.5534866,0.67900634,-1.5577146,-0.32990924,-1.0244302,-0.62625426,-1.4429482,-1.0415598,-0.9680511,2.6692064,-0.3937252,0.88957185,-0.26981544,0.48500115,-0.2817399,0.20546141,-0.28962126,-0.60210896,0.14374746,0.015581064,0.38997102,0.14394315,-0.04941867,-0.23219523,0.23631272,-0.2588408,-0.69985044,0.03010836,-0.09107194,0.10934698,0.20566829,0.021991285,-0.24268559,-0.1276055,-0.26927483,-0.18785185,-0.07122694,0.14932227,-0.08272842,0.050125547,0.11931458,0.091119096,0.019368403,0.018485015,-0.12785904,-0.03009434,0.08575887,0.017569844,0.1243489,-0.17121828,0.2444052,-0.1124412,0.2601493,-0.0004204966,0.07416736,0.0445515,-0.22423738,0.29737365,-0.08188276,0.21340354,0.16148563,472.6320000000002,4.052800000000003,59.08,0,6,5,0.6543815784329806,-3.1852208653743004,-0.4864347260944444,3.136140956508783,4.626596027094984,0.0051309091917871,-0.1348304488139146,1.8469014102478623e-15,2.9392885995386464e-16,3.9335798186073884e-16,-1.142939516767227e-17,7.174266383013226e-18,-4.1892741924584265e-19,-4.8997061711303205e-20,-1.02214754635707e-17,-6.717236720520143e-18,-2.033469020046646e-17,3.897959064348204e-18,1.2319467513090944e-17,-4.608393442989917e-18,-9.505251796380753e-18,-1.442039318112308e-18,1.3388102862800389e-18,-2.038128501474614e-18,3.901034855648932e-18,-2.443947202963253e-19,-1.39816869869308e-18,-1.0726516062792081e-18,3.0098003030914573e-18,2.209678732530831e-18,-9.963117094100816e-19,2.237928959832956e-18,2.1424542381876002e-18,92.15403402777784,5.5573554,0.0,5.51301,3.6659708e-07
CHEMBL3971511,,CCN(CC)C(=O)C(=O)N1CCSc2ccc(OC)cc2C1,RYR2,heart,0,6.99,-0.3919907841604629,-2.111323,0.9030517892130238,-0.3919932,-1.325076,-0.76362747,1.4485134,0.5839318,-1.7098725,-0.17168902,-0.89388555,-0.7197652,-1.5899059,-1.0202235,-0.83679813,2.5079136,-0.15101753,1.0184544,-0.29479012,0.4589047,-0.13907574,0.35831872,-0.20216407,-0.51667154,-0.021098092,-0.24671184,0.4775935,-0.08259875,-0.037438594,-0.04992743,0.30507445,-0.33338538,-0.5373353,-0.08337545,0.2445497,-0.018743781,0.46679205,-0.113374665,-0.49537838,-0.057873685,-0.18134609,0.0010392951,0.035208073,0.2966842,-0.027293561,-0.014417548,0.055641394,0.11481782,-0.07219086,-0.009395227,-0.21687663,0.092918314,-0.18299307,0.024265002,0.36334318,-0.20921263,-0.06707413,-0.16914174,0.49791908,0.26158196,-0.15426004,0.13150114,-0.14989807,0.6908222,-0.19386514,-0.008633814,0.2381202,322.43000000000006,1.9979,49.85000000000001,0,4,3,0.7988195297750595,-3.1852208653743004,-0.4864347260944444,3.136140956508783,4.626596027094984,0.0051309091917871,-0.1348304488139146,1.8469014102478623e-15,2.9392885995386464e-16,3.9335798186073884e-16,-1.142939516767227e-17,7.174266383013226e-18,-4.1892741924584265e-19,-4.8997061711303205e-20,-1.02214754635707e-17,-6.717236720520143e-18,-2.033469020046646e-17,3.897959064348204e-18,1.2319467513090944e-17,-4.608393442989917e-18,-9.505251796380753e-18,-1.442039318112308e-18,1.3388102862800389e-18,-2.038128501474614e-18,3.901034855648932e-18,-2.443947202963253e-19,-1.39816869869308e-18,-1.0726516062792081e-18,3.0098003030914573e-18,2.209678732530831e-18,-9.963117094100816e-19,2.237928959832956e-18,2.1424542381876002e-18,92.15403402777784,5.5573554,0.0,5.4959474,3.3104695e-07
CHEMBL3904927,,CCN(CC)C(=O)N1CCSc2ccc(OC)cc2C1,RYR2,heart,0,7.0,-0.3458640216125462,-2.111323,0.9030517892130238,-0.34586674,-1.3695832,-0.6592551,1.3985494,0.5458748,-1.7264942,-0.17418061,-0.88715744,-0.6370842,-1.5036658,-1.0126395,-0.88584715,2.4700665,-0.13925874,1.157101,-0.2214296,0.40140992,-0.25561807,0.35726088,-0.23613876,-0.43469143,-0.0116318995,-0.24476817,0.48687762,-0.002414503,-0.0076779234,-0.15514883,0.3082358,-0.24974623,-0.43203977,-0.1823549,0.21600945,-0.045558207,0.432824,0.019414065,-0.42660028,-0.057672538,-0.19810657,-0.08858649,0.16418865,0.3324083,-0.013843476,0.16190493,-0.09873323,0.16058607,-0.114822306,0.04384635,-0.24598202,0.10137441,-0.07531914,0.09611696,0.2688645,-0.18101527,0.12363482,-0.26905513,0.53723246,0.15038894,-0.071499355,0.2240784,-0.2588206,0.5416793,-0.2521829,0.13455918,0.30866024,294.42,3.064700000000002,32.78,0,3,3,0.8586758618127549,-3.1852208653743004,-0.4864347260944444,3.136140956508783,4.626596027094984,0.0051309091917871,-0.1348304488139146,1.8469014102478623e-15,2.9392885995386464e-16,3.9335798186073884e-16,-1.142939516767227e-17,7.174266383013226e-18,-4.1892741924584265e-19,-4.8997061711303205e-20,-1.02214754635707e-17,-6.717236720520143e-18,-2.033469020046646e-17,3.897959064348204e-18,1.2319467513090944e-17,-4.608393442989917e-18,-9.505251796380753e-18,-1.442039318112308e-18,1.3388102862800389e-18,-2.038128501474614e-18,3.901034855648932e-18,-2.443947202963253e-19,-1.39816869869308e-18,-1.0726516062792081e-18,3.0098003030914573e-18,2.209678732530831e-18,-9.963117094100816e-19,2.237928959832956e-18,2.1424542381876002e-18,92.15403402777784,5.5573554,0.0,5.492802,2.632901e-07
CHEMBL5398491,,COc1ccc(OCCCNCCCCC2(O)CC2)cc1,RYR2,heart,0,7.09,-0.4614445729651072,-2.111323,0.9030517892130238,-0.4614449,-1.2447531,-0.17989142,0.45437115,0.2271274,-0.7359397,0.7083417,-0.39751458,-0.71274793,-0.61532634,-0.30207846,0.67228264,0.2552039,-0.0015750596,0.64453745,-0.5801958,-0.23153734,0.9109766,0.26354232,-0.13333718,0.3043639,0.2995908,0.3213244,-0.3164494,0.5391528,0.4043452,0.59960246,-0.45932734,0.5118456,0.11326817,-0.21667683,-0.24901004,0.4996409,0.0026439293,0.21461721,0.22623818,-0.19673029,-0.18890491,-0.009166977,0.82035905,-0.1872019,-0.14537859,-0.36015525,0.23713426,-0.29746625,0.4419292,-0.2856088,-0.7439473,-0.6305692,-0.2803365,0.53990227,-0.34794733,-0.26404667,-0.57155746,-0.4122431,-0.654791,-0.3097649,0.02857395,0.18056096,-0.23681512,-0.39744082,0.029637823,-0.5420689,-0.11874363,293.407,2.748900000000001,50.72,2,4,11,0.6160128692528625,-3.1852208653743004,-0.4864347260944444,3.136140956508783,4.626596027094984,0.0051309091917871,-0.1348304488139146,1.8469014102478623e-15,2.9392885995386464e-16,3.9335798186073884e-16,-1.142939516767227e-17,7.174266383013226e-18,-4.1892741924584265e-19,-4.8997061711303205e-20,-1.02214754635707e-17,-6.717236720520143e-18,-2.033469020046646e-17,3.897959064348204e-18,1.2319467513090944e-17,-4.608393442989917e-18,-9.505251796380753e-18,-1.442039318112308e-18,1.3388102862800389e-18,-2.038128501474614e-18,3.901034855648932e-18,-2.443947202963253e-19,-1.39816869869308e-18,-1.0726516062792081e-18,3.0098003030914573e-18,2.209678732530831e-18,-9.963117094100816e-19,2.237928959832956e-18,2.1424542381876002e-18,92.15403402777784,5.5573554,0.0,5.487026,6.8896014e-07
CHEMBL3970844,,COc1ccc2c(c1)CN(S(=O)(=O)Nc1cccnc1)CCS2,RYR2,heart,0,7.11,0.3698089265425686,-2.111323,0.9030517892130238,0.3698061,-0.3601722,-0.8025001,1.3579555,0.4572874,-1.0017816,0.34296727,-0.5813331,-0.16172476,-1.4090294,-0.93183655,-0.95632935,2.188338,-0.91410494,0.8170151,-0.14595018,0.23073311,0.32917145,-0.681564,-0.5827613,-0.9328681,-0.3819289,-0.011730146,0.29976544,0.25140578,-0.2306165,-0.04444773,-0.004879378,-0.3391025,0.21502692,-0.0684323,-0.58456427,0.3199141,0.52108216,-0.60285616,0.22980617,-0.1416343,-0.40711838,0.46613103,0.49679172,-0.20006044,-0.04202091,0.11093635,0.1480476,0.3076612,-0.52660805,0.033674367,0.1396087,0.40373334,0.21382035,0.261123,-0.019221922,-0.47654706,0.2135744,0.0786393,-0.015476369,-0.23098733,-0.09355593,-0.4200351,-0.2837537,-0.0069661024,-0.35993162,-0.17600718,-0.28768814,351.4530000000001,2.3548,71.53,1,5,4,0.9154634090534776,-3.1852208653743004,-0.4864347260944444,3.136140956508783,4.626596027094984,0.0051309091917871,-0.1348304488139146,1.8469014102478623e-15,2.9392885995386464e-16,3.9335798186073884e-16,-1.142939516767227e-17,7.174266383013226e-18,-4.1892741924584265e-19,-4.8997061711303205e-20,-1.02214754635707e-17,-6.717236720520143e-18,-2.033469020046646e-17,3.897959064348204e-18,1.2319467513090944e-17,-4.608393442989917e-18,-9.505251796380753e-18,-1.442039318112308e-18,1.3388102862800389e-18,-2.038128501474614e-18,3.901034855648932e-18,-2.443947202963253e-19,-1.39816869869308e-18,-1.0726516062792081e-18,3.0098003030914573e-18,2.209678732530831e-18,-9.963117094100816e-19,2.237928959832956e-18,2.1424542381876002e-18,92.15403402777784,5.5573554,0.0,5.4788136,1.9408205e-07
CHEMBL3930185,,COc1ccc2c(c1)CN(C(=O)NCCc1ccc(O)c(O)c1)CCS2,RYR2,heart,0,6.96,-0.634184011951009,-2.111323,0.9030517892130238,-0.6341861,-1.0351971,-0.71695703,1.3090615,0.80761725,-1.341311,-0.04068363,-1.3071187,-0.7863759,-1.4662051,-0.93100804,-0.82818216,2.9510548,0.042412158,0.93789935,-0.7311245,0.105750926,0.31519902,0.1725793,0.08517107,-0.7959129,0.18388595,0.6260927,-0.21072172,-0.1886844,0.19056784,-0.38334748,0.30123517,-0.18521367,-0.48198664,-0.06641992,0.06766341,0.021447238,0.2805518,0.36388025,-0.06472954,-0.12239408,-0.16975792,-0.31999362,0.063158706,0.3582002,-0.33223748,0.20894551,0.12572739,0.06422487,-0.2825987,0.28243485,-0.11004129,0.29187936,-0.024444193,0.2616714,0.13289712,-0.047980454,0.20533618,-0.121091515,-0.03666395,-0.14236534,-0.24200392,-0.06971707,0.33358708,0.045156147,-0.15438077,0.10308655,-0.24824825,374.4620000000001,2.966400000000002,82.03,3,5,4,0.7170228142066156,-3.1852208653743004,-0.4864347260944444,3.136140956508783,4.626596027094984,0.0051309091917871,-0.1348304488139146,1.8469014102478623e-15,2.9392885995386464e-16,3.9335798186073884e-16,-1.142939516767227e-17,7.174266383013226e-18,-4.1892741924584265e-19,-4.8997061711303205e-20,-1.02214754635707e-17,-6.717236720520143e-18,-2.033469020046646e-17,3.897959064348204e-18,1.2319467513090944e-17,-4.608393442989917e-18,-9.505251796380753e-18,-1.442039318112308e-18,1.3388102862800389e-18,-2.038128501474614e-18,3.901034855648932e-18,-2.443947202963253e-19,-1.39816869869308e-18,-1.0726516062792081e-18,3.0098003030914573e-18,2.209678732530831e-18,-9.963117094100816e-19,2.237928959832956e-18,2.1424542381876002e-18,92.15403402777784,5.5573554,0.0,5.4711595,4.023755e-07
CHEMBL3909873,,O=C(N1CCN(Cc2ccc3c(c2)OCO3)CC1)N1CCSc2ccccc2C1,RYR2,heart,0,6.98,-0.5446402986445311,-2.111323,0.9030517892130238,-0.5446427,-0.83678323,-0.9612584,1.1575977,-0.53965795,-0.26362485,-1.2789016,-1.0986847,-0.8658357,-0.047194563,-0.3092868,-1.1806965,1.7900221,-0.11759089,0.30072814,-0.8446495,0.40464765,-0.50659335,0.20525964,0.18971877,-0.68512434,-0.15885109,-0.1455571,0.28553614,0.24225403,-0.040199876,-0.34708396,0.78046244,-0.27500275,-0.90362775,0.1701787,0.26744676,0.4201946,0.58227086,0.16165602,-0.26168364,-0.8063304,0.3349852,-0.18882872,-0.49412325,0.48603636,0.3799731,-0.5083343,-0.4282451,0.5981428,-0.43178663,0.19393092,0.18356545,0.35197628,-0.048749737,-0.4178195,0.47257525,-0.18843085,0.86742955,-0.24918535,-0.08324678,0.51321304,0.32492238,-0.73644155,0.075792134,-0.43922666,-0.13508074,-0.09447287,0.3839572,411.52700000000016,3.2608000000000024,45.25000000000001,0,5,2,0.7591272935144358,-3.1852208653743004,-0.4864347260944444,3.136140956508783,4.626596027094984,0.0051309091917871,-0.1348304488139146,1.8469014102478623e-15,2.9392885995386464e-16,3.9335798186073884e-16,-1.142939516767227e-17,7.174266383013226e-18,-4.1892741924584265e-19,-4.8997061711303205e-20,-1.02214754635707e-17,-6.717236720520143e-18,-2.033469020046646e-17,3.897959064348204e-18,1.2319467513090944e-17,-4.608393442989917e-18,-9.505251796380753e-18,-1.442039318112308e-18,1.3388102862800389e-18,-2.038128501474614e-18,3.901034855648932e-18,-2.443947202963253e-19,-1.39816869869308e-18,-1.0726516062792081e-18,3.0098003030914573e-18,2.209678732530831e-18,-9.963117094100816e-19,2.237928959832956e-18,2.1424542381876002e-18,92.15403402777784,5.5573554,0.0,5.4634047,4.152077e-07
CHEMBL3954061,,COc1ccc2c(c1)CN(C(=O)CCN1CCC(Cc3ccc(N)cc3)CC1)CCS2,RYR2,heart,0,7.17,-0.7323542228395432,-2.111323,0.9030517892130238,-0.7323561,-0.93885,-0.59058714,1.9286727,0.64616096,-1.0439827,-0.9635164,-0.7605711,-0.7678873,-1.7616082,-1.1315324,-0.5113057,3.2288072,-0.04557957,0.8605512,-0.2984972,0.6449969,-0.59722257,0.15716285,-0.15676293,-0.53556883,0.41054937,0.5400027,0.070225,0.45238864,-0.45206422,-0.5345042,-0.059904482,0.09567144,-0.30273584,0.30749854,-0.30979556,-0.074455746,0.46522257,0.31980324,-0.21865675,0.021389524,-0.15780117,-0.20279609,-0.4736491,0.51389396,0.13253374,0.22608323,-0.15891631,0.36551878,0.20923454,-0.018828064,0.2858117,-0.17180108,0.6382959,-0.27858,-0.53463227,1.0657328,0.34496784,0.25890234,0.16335441,0.05291186,0.09525283,0.35177302,0.31701007,0.44131863,0.29322135,0.18088514,0.05680927,439.6250000000002,4.056500000000002,58.8,1,5,6,0.6881955663413245,-3.1852208653743004,-0.4864347260944444,3.136140956508783,4.626596027094984,0.0051309091917871,-0.1348304488139146,1.8469014102478623e-15,2.9392885995386464e-16,3.9335798186073884e-16,-1.142939516767227e-17,7.174266383013226e-18,-4.1892741924584265e-19,-4.8997061711303205e-20,-1.02214754635707e-17,-6.717236720520143e-18,-2.033469020046646e-17,3.897959064348204e-18,1.2319467513090944e-17,-4.608393442989917e-18,-9.505251796380753e-18,-1.442039318112308e-18,1.3388102862800389e-18,-2.038128501474614e-18,3.901034855648932e-18,-2.443947202963253e-19,-1.39816869869308e-18,-1.0726516062792081e-18,3.0098003030914573e-18,2.209678732530831e-18,-9.963117094100816e-19,2.237928959832956e-18,2.1424542381876002e-18,92.15403402777784,5.5573554,0.0,5.4610844,2.1412235e-07
CHEMBL3961914,,COc1ccc2c(c1)CN(C(=O)NO)CCS2,RYR2,heart,0,6.76,-0.0750869373461922,-2.111323,0.9030517892130238,-0.07509049,-1.2527739,-0.8136774,1.3771422,0.8771344,-1.5765268,-0.0894404,-1.0857573,-0.54589826,-1.3674036,-1.0231737,-1.109064,2.6040535,-0.6083099,0.7176552,-0.2482104,0.2737806,-0.102586105,-0.04941932,-0.37006366,-1.0468698,-0.02203264,0.20975484,0.23146418,0.22264358,-0.09434896,-0.4334141,0.15438668,-0.056813456,-0.32888147,-0.16196738,0.048492752,-0.30643556,0.07933509,0.06917812,-0.30369064,-0.07626623,-0.20584323,-0.24325186,-0.042446643,0.023249198,-0.25603244,-0.040741697,0.014277258,-0.22874866,-0.08393994,0.047214903,-0.1601568,0.21126492,-0.22171685,0.22819056,0.4121164,-0.09891218,0.13917853,-0.05974002,-0.0116114775,0.029257812,0.019827742,-0.07905687,0.020419033,0.19612099,-0.1707152,0.12323485,0.055947293,254.311,1.7016999999999998,61.8,2,4,1,0.5912822300451195,-3.1852208653743004,-0.4864347260944444,3.136140956508783,4.626596027094984,0.0051309091917871,-0.1348304488139146,1.8469014102478623e-15,2.9392885995386464e-16,3.9335798186073884e-16,-1.142939516767227e-17,7.174266383013226e-18,-4.1892741924584265e-19,-4.8997061711303205e-20,-1.02214754635707e-17,-6.717236720520143e-18,-2.033469020046646e-17,3.897959064348204e-18,1.2319467513090944e-17,-4.608393442989917e-18,-9.505251796380753e-18,-1.442039318112308e-18,1.3388102862800389e-18,-2.038128501474614e-18,3.901034855648932e-18,-2.443947202963253e-19,-1.39816869869308e-18,-1.0726516062792081e-18,3.0098003030914573e-18,2.209678732530831e-18,-9.963117094100816e-19,2.237928959832956e-18,2.1424542381876002e-18,92.15403402777784,5.5573554,0.0,5.453635,3.586257e-07
